key,fork_name,fork_idx,jagt_idx,cp_best_idx,cp_orig_idx,kb_idx,cp_best_steady,cp_best_false_unsteady,cp_best_abs_err,cp_best_signed_err,cp_orig_steady,cp_orig_false_unsteady,cp_orig_abs_err,cp_orig_signed_err,kb_steady,kb_false_unsteady,kb_abs_err,kb_signed_err
RoaringBitmap__RoaringBitmap#org.roaringbitmap.aggregation.andnot.worstcase.Roaring64BitmapBenchmark.inplace_andNot#.json_0,RoaringBitmap__RoaringBitmap#org.roaringbitmap.aggregation.andnot.worstcase.Roaring64BitmapBenchmark.inplace_andNot#.json,0,907,168,381,96,True,False,739.0,-739.0,True,False,526.0,-526.0,True,False,811.0,-811.0
prestodb__presto#com.facebook.presto.sql.gen.InCodeGeneratorBenchmark.benchmark#inListCount=25&type=double.json_0,prestodb__presto#com.facebook.presto.sql.gen.InCodeGeneratorBenchmark.benchmark#inListCount=25&type=double.json,0,1607,0,0,15,True,False,1607.0,-1607.0,True,False,1607.0,-1607.0,True,False,1592.0,-1592.0
yellowstonegames__SquidLib#squidpony.performance.MathBenchmark.measureMathAtan2#.json_0,yellowstonegames__SquidLib#squidpony.performance.MathBenchmark.measureMathAtan2#.json,0,420,0,1,268,True,False,420.0,-420.0,True,False,419.0,-419.0,True,False,152.0,-152.0
protostuff__protostuff#io.protostuff.benchmarks.RuntimeSchemaBenchmark.runtime_sparse_serialize_10_int_fields#.json_0,protostuff__protostuff#io.protostuff.benchmarks.RuntimeSchemaBenchmark.runtime_sparse_serialize_10_int_fields#.json,0,440,0,128,15,True,False,440.0,-440.0,True,False,312.0,-312.0,True,False,425.0,-425.0
eclipse-vertx__vert.x#io.vertx.benchmarks.HeadersEncodeBenchmark.vertxSmall#.json_0,eclipse-vertx__vert.x#io.vertx.benchmarks.HeadersEncodeBenchmark.vertxSmall#.json,0,7,0,1,15,True,False,7.0,-7.0,True,False,6.0,-6.0,True,False,8.0,8.0
h2oai__h2o-3#water.ChunkBench.colsRowsRead#cols=10000&rows=100000.json_0,h2oai__h2o-3#water.ChunkBench.colsRowsRead#cols=10000&rows=100000.json,0,274,0,0,0,True,False,274.0,-274.0,True,False,274.0,-274.0,True,False,274.0,-274.0
RoaringBitmap__RoaringBitmap#org.roaringbitmap.iteration.BatchIteratorBenchmark.iterate#bufferSize=128&dirtiness=0.5&keys=512&runniness=0.1.json_0,RoaringBitmap__RoaringBitmap#org.roaringbitmap.iteration.BatchIteratorBenchmark.iterate#bufferSize=128&dirtiness=0.5&keys=512&runniness=0.1.json,0,126,199,109,107,True,False,73.0,73.0,True,False,17.0,-17.0,True,False,19.0,-19.0
apache__kafka#org.apache.kafka.jmh.record.RecordBatchIterationBenchmark.measureIteratorForBatchWithSingleMessage#bufferSupplierStr=CREATE&bytes=RANDOM&compressionType=ZSTD&maxBatchSize=200&messageSize=1000&messageVersion=2.json_0,apache__kafka#org.apache.kafka.jmh.record.RecordBatchIterationBenchmark.measureIteratorForBatchWithSingleMessage#bufferSupplierStr=CREATE&bytes=RANDOM&compressionType=ZSTD&maxBatchSize=200&messageSize=1000&messageVersion=2.json,0,267,256,2356,22,True,False,11.0,-11.0,True,False,2089.0,2089.0,True,False,245.0,-245.0
apache__arrow#org.apache.arrow.vector.BitVectorHelperBenchmarks.loadValidityBufferAllOne#.json_0,apache__arrow#org.apache.arrow.vector.BitVectorHelperBenchmarks.loadValidityBufferAllOne#.json,0,143,131,1787,15,True,False,12.0,-12.0,True,False,1644.0,1644.0,True,False,128.0,-128.0
netty__netty#io.netty.handler.codec.mqtt.MqttConnectReturnCodeBench.getViaSwitch#.json_0,netty__netty#io.netty.handler.codec.mqtt.MqttConnectReturnCodeBench.getViaSwitch#.json,0,192,1,1,15,True,False,191.0,-191.0,True,False,191.0,-191.0,True,False,177.0,-177.0
prometheus__client_java#io.prometheus.benchmark.CounterBenchmark.prometheusCounterIncBenchmark#.json_0,prometheus__client_java#io.prometheus.benchmark.CounterBenchmark.prometheusCounterIncBenchmark#.json,0,932,41,1072,42,True,False,891.0,-891.0,True,False,140.0,140.0,True,False,890.0,-890.0
prometheus__client_java#io.prometheus.benchmark.SummaryBenchmark.prometheusSimpleHistogramChildBenchmark#.json_0,prometheus__client_java#io.prometheus.benchmark.SummaryBenchmark.prometheusSimpleHistogramChildBenchmark#.json,0,214,0,0,15,True,False,214.0,-214.0,True,False,214.0,-214.0,True,False,199.0,-199.0
zalando__logbook#org.zalando.logbook.LogbookBenchmark.json#.json_0,zalando__logbook#org.zalando.logbook.LogbookBenchmark.json#.json,0,137,29,181,15,True,False,108.0,-108.0,True,False,44.0,44.0,True,False,122.0,-122.0
eclipse__rdf4j#org.eclipse.rdf4j.benchmark.QueryOrderBenchmark.selectDistinct#countk=100&limit=-1&syncThreshold=10000.json_0,eclipse__rdf4j#org.eclipse.rdf4j.benchmark.QueryOrderBenchmark.selectDistinct#countk=100&limit=-1&syncThreshold=10000.json,0,1805,0,0,0,True,False,1805.0,-1805.0,True,False,1805.0,-1805.0,True,False,1805.0,-1805.0
ReactiveX__RxJava#io.reactivex.rxjava3.xmapz.FlowableConcatMapMaybeEmptyPerf.flowableDedicated#count=1000000.json_0,ReactiveX__RxJava#io.reactivex.rxjava3.xmapz.FlowableConcatMapMaybeEmptyPerf.flowableDedicated#count=1000000.json,0,515,0,0,0,True,False,515.0,-515.0,True,False,515.0,-515.0,True,False,515.0,-515.0
prometheus__client_java#io.prometheus.benchmark.GaugeBenchmark.prometheusSimpleGaugeNoLabelsDecBenchmark#.json_0,prometheus__client_java#io.prometheus.benchmark.GaugeBenchmark.prometheusSimpleGaugeNoLabelsDecBenchmark#.json,0,281,0,0,15,True,False,281.0,-281.0,True,False,281.0,-281.0,True,False,266.0,-266.0
raphw__byte-buddy#net.bytebuddy.benchmark.ClassByImplementationBenchmark.benchmarkJdkProxy#.json_0,raphw__byte-buddy#net.bytebuddy.benchmark.ClassByImplementationBenchmark.benchmarkJdkProxy#.json,0,37,0,0,15,True,False,37.0,-37.0,True,False,37.0,-37.0,True,False,22.0,-22.0
h2oai__h2o-3#water.util.IcedHashMapBench.writeMap#arrayType=Array&array_values_length=10000&keyType=String&n_entries=100000&valueType=Boolean.json_0,h2oai__h2o-3#water.util.IcedHashMapBench.writeMap#arrayType=Array&array_values_length=10000&keyType=String&n_entries=100000&valueType=Boolean.json,0,326,312,312,44,True,False,14.0,-14.0,True,False,14.0,-14.0,True,False,282.0,-282.0
jdbi__jdbi#org.jdbi.v3.benchmark.sqlobject.H2SqlObjectV2Benchmark.sqlobjectInsertGeneratedKeyValues#.json_0,jdbi__jdbi#org.jdbi.v3.benchmark.sqlobject.H2SqlObjectV2Benchmark.sqlobjectInsertGeneratedKeyValues#.json,0,211,22,22,15,True,False,189.0,-189.0,True,False,189.0,-189.0,True,False,196.0,-196.0
h2oai__h2o-3#water.ChunkBench.rawArrayRead#cols=1000&rows=1000.json_0,h2oai__h2o-3#water.ChunkBench.rawArrayRead#cols=1000&rows=1000.json,0,651,0,0,205,True,False,651.0,-651.0,True,False,651.0,-651.0,True,False,446.0,-446.0
h2oai__h2o-3#water.util.IcedHashMapBench.writeMap#arrayType=PrimitiveArray&array_values_length=10000&keyType=String&n_entries=1000&valueType=Boolean.json_0,h2oai__h2o-3#water.util.IcedHashMapBench.writeMap#arrayType=PrimitiveArray&array_values_length=10000&keyType=String&n_entries=1000&valueType=Boolean.json,0,475,72,-1,168,True,False,403.0,-403.0,False,True,,,True,False,307.0,-307.0
imglib__imglib2#net.imglib2.util.FlatCollectionsBenchmark.benchmarkSumList#.json_0,imglib__imglib2#net.imglib2.util.FlatCollectionsBenchmark.benchmarkSumList#.json,0,761,70,1861,55,True,False,691.0,-691.0,True,False,1100.0,1100.0,True,False,706.0,-706.0
eclipse-vertx__vert.x#io.vertx.benchmarks.JsonEncodeBenchmark.wideBufferJackson#.json_0,eclipse-vertx__vert.x#io.vertx.benchmarks.JsonEncodeBenchmark.wideBufferJackson#.json,0,74,4,1,15,True,False,70.0,-70.0,True,False,73.0,-73.0,True,False,59.0,-59.0
apache__logging-log4j2#org.apache.logging.log4j.perf.jmh.AsyncLoggersBenchmark.throughput2Params#.json_0,apache__logging-log4j2#org.apache.logging.log4j.perf.jmh.AsyncLoggersBenchmark.throughput2Params#.json,0,425,316,2375,62,True,False,109.0,-109.0,True,False,1950.0,1950.0,True,False,363.0,-363.0
apache__hive#org.apache.hive.benchmark.vectorization.mapjoin.MapJoinOneLongKeyBench.MapJoinOneLongKeyOuterNativeVectorOptimizedBench.bench#.json_0,apache__hive#org.apache.hive.benchmark.vectorization.mapjoin.MapJoinOneLongKeyBench.MapJoinOneLongKeyOuterNativeVectorOptimizedBench.bench#.json,0,442,0,-1,15,True,False,442.0,-442.0,False,True,,,True,False,427.0,-427.0
JCTools__JCTools#org.jctools.channels.spsc.SpscProxyChannelBenchmark.tenMixedArgsBaseline#limit=128000.json_0,JCTools__JCTools#org.jctools.channels.spsc.SpscProxyChannelBenchmark.tenMixedArgsBaseline#limit=128000.json,0,905,1,-1,411,True,False,904.0,-904.0,False,True,,,True,False,494.0,-494.0
protostuff__protostuff#io.protostuff.benchmarks.StringSerializerBenchmark.bufferedSerializer#stringLength=10000.json_0,protostuff__protostuff#io.protostuff.benchmarks.StringSerializerBenchmark.bufferedSerializer#stringLength=10000.json,0,1999,403,1778,115,True,False,1596.0,-1596.0,True,False,221.0,-221.0,True,False,1884.0,-1884.0
prometheus__client_java#io.prometheus.benchmark.CounterBenchmark.prometheusCounterChildIncBenchmark#.json_0,prometheus__client_java#io.prometheus.benchmark.CounterBenchmark.prometheusCounterChildIncBenchmark#.json,0,188,0,1,15,True,False,188.0,-188.0,True,False,187.0,-187.0,True,False,173.0,-173.0
eclipse__jetty.project#org.eclipse.jetty.util.PoolStrategyBenchmark.testAcquireReleasePoolWithStrategy#CACHE=true&POOL_TYPE=Pool.Linear&SIZE=4.json_0,eclipse__jetty.project#org.eclipse.jetty.util.PoolStrategyBenchmark.testAcquireReleasePoolWithStrategy#CACHE=true&POOL_TYPE=Pool.Linear&SIZE=4.json,0,972,969,969,1015,True,False,3.0,-3.0,True,False,3.0,-3.0,True,False,43.0,43.0
jdbi__jdbi#org.jdbi.v3.benchmark.sqlobject.H2SqlObjectV3Benchmark.fluentSelectOne#.json_0,jdbi__jdbi#org.jdbi.v3.benchmark.sqlobject.H2SqlObjectV3Benchmark.fluentSelectOne#.json,0,622,12,-1,15,True,False,610.0,-610.0,False,True,,,True,False,607.0,-607.0
eclipse__eclipse-collections#org.eclipse.collections.impl.jmh.MinByDoubleTest.minByMarketValue_parallel_lazy_collect_methodref_jdk#.json_0,eclipse__eclipse-collections#org.eclipse.collections.impl.jmh.MinByDoubleTest.minByMarketValue_parallel_lazy_collect_methodref_jdk#.json,0,103,0,0,453,True,False,103.0,-103.0,True,False,103.0,-103.0,True,False,350.0,350.0
ReactiveX__RxJava#io.reactivex.rxjava3.core.FlattenCrossMapPerf.flowable#times=1000.json_0,ReactiveX__RxJava#io.reactivex.rxjava3.core.FlattenCrossMapPerf.flowable#times=1000.json,0,405,0,214,15,True,False,405.0,-405.0,True,False,191.0,-191.0,True,False,390.0,-390.0
yellowstonegames__SquidLib#squidpony.performance.HashBenchmark.BenchmarkState.measureHastyPointHash2D#.json_0,yellowstonegames__SquidLib#squidpony.performance.HashBenchmark.BenchmarkState.measureHastyPointHash2D#.json,0,215,1,1,0,True,False,214.0,-214.0,True,False,214.0,-214.0,True,False,215.0,-215.0
zalando__logbook#org.zalando.logbook.LogbookBenchmark.plain#.json_0,zalando__logbook#org.zalando.logbook.LogbookBenchmark.plain#.json,0,347,181,182,15,True,False,166.0,-166.0,True,False,165.0,-165.0,True,False,332.0,-332.0
r2dbc__r2dbc-h2#io.r2dbc.h2.StagedResultSizeBenchmarks.parametrizedR2dbc#resultSize=10.json_0,r2dbc__r2dbc-h2#io.r2dbc.h2.StagedResultSizeBenchmarks.parametrizedR2dbc#resultSize=10.json,0,7,9,325,15,True,False,2.0,2.0,True,False,318.0,318.0,True,False,8.0,8.0
r2dbc__r2dbc-h2#io.r2dbc.h2.StagedResultSizeBenchmarks.simpleJdbc#resultSize=10.json_0,r2dbc__r2dbc-h2#io.r2dbc.h2.StagedResultSizeBenchmarks.simpleJdbc#resultSize=10.json,0,1562,139,139,15,True,False,1423.0,-1423.0,True,False,1423.0,-1423.0,True,False,1547.0,-1547.0
crate__crate#io.crate.execution.engine.reader.JsonReaderBenchmark.measureFileReadingIteratorForJson#.json_0,crate__crate#io.crate.execution.engine.reader.JsonReaderBenchmark.measureFileReadingIteratorForJson#.json,0,7,1,128,15,True,False,6.0,-6.0,True,False,121.0,121.0,True,False,8.0,8.0
ReactiveX__RxJava#io.reactivex.rxjava3.xmapz.FlowableSwitchMapSinglePerf.flowableConvert#count=10.json_0,ReactiveX__RxJava#io.reactivex.rxjava3.xmapz.FlowableSwitchMapSinglePerf.flowableConvert#count=10.json,0,323,76,0,15,True,False,247.0,-247.0,True,False,323.0,-323.0,True,False,308.0,-308.0
crate__crate#io.crate.analyze.PreExecutionBenchmark.measureParseAndAnalyzeSimpleSelect#.json_0,crate__crate#io.crate.analyze.PreExecutionBenchmark.measureParseAndAnalyzeSimpleSelect#.json,0,198,42,2381,15,True,False,156.0,-156.0,True,False,2183.0,2183.0,True,False,183.0,-183.0
apache__kafka#org.apache.kafka.jmh.record.RecordBatchIterationBenchmark.measureIteratorForBatchWithSingleMessage#bufferSupplierStr=NO_CACHING&bytes=RANDOM&compressionType=NONE&maxBatchSize=2&messageSize=1000&messageVersion=1.json_0,apache__kafka#org.apache.kafka.jmh.record.RecordBatchIterationBenchmark.measureIteratorForBatchWithSingleMessage#bufferSupplierStr=NO_CACHING&bytes=RANDOM&compressionType=NONE&maxBatchSize=2&messageSize=1000&messageVersion=1.json,0,355,345,1372,51,True,False,10.0,-10.0,True,False,1017.0,1017.0,True,False,304.0,-304.0
h2oai__h2o-3#water.util.IcedHashMapBench.writeMap#arrayType=Array&array_values_length=100&keyType=String&n_entries=10&valueType=Boolean.json_0,h2oai__h2o-3#water.util.IcedHashMapBench.writeMap#arrayType=Array&array_values_length=100&keyType=String&n_entries=10&valueType=Boolean.json,0,5,3,555,15,True,False,2.0,-2.0,True,False,550.0,550.0,True,False,10.0,10.0
JCTools__JCTools#org.jctools.jmh.collections.SetOps.contains#keyBound=2048&occupancy=512&size=1024&type=java.util.HashSet.json_0,JCTools__JCTools#org.jctools.jmh.collections.SetOps.contains#keyBound=2048&occupancy=512&size=1024&type=java.util.HashSet.json,0,292,0,0,35,True,False,292.0,-292.0,True,False,292.0,-292.0,True,False,257.0,-257.0
apache__kafka#org.apache.kafka.jmh.record.CompressedRecordBatchValidationBenchmark.measureValidateMessagesAndAssignOffsetsCompressed#bufferSupplierStr=NO_CACHING&bytes=RANDOM&compressionType=ZSTD&maxBatchSize=10&messageSize=1000&messageVersion=2.json_0,apache__kafka#org.apache.kafka.jmh.record.CompressedRecordBatchValidationBenchmark.measureValidateMessagesAndAssignOffsetsCompressed#bufferSupplierStr=NO_CACHING&bytes=RANDOM&compressionType=ZSTD&maxBatchSize=10&messageSize=1000&messageVersion=2.json,0,30,23,23,15,True,False,7.0,-7.0,True,False,7.0,-7.0,True,False,15.0,-15.0
imglib__imglib2#net.imglib2.parallel.ParallelizationBenchmark.defaultBehavior#.json_0,imglib__imglib2#net.imglib2.parallel.ParallelizationBenchmark.defaultBehavior#.json,0,57,19,19,145,True,False,38.0,-38.0,True,False,38.0,-38.0,True,False,88.0,88.0
zalando__logbook#org.zalando.logbook.HttpLogFormatterBenchmark.fastJsonRequest#.json_0,zalando__logbook#org.zalando.logbook.HttpLogFormatterBenchmark.fastJsonRequest#.json,0,208,30,155,29,True,False,178.0,-178.0,True,False,53.0,-53.0,True,False,179.0,-179.0
apache__logging-log4j2#org.apache.logging.log4j.layout.template.json.JsonTemplateLayoutBenchmark.liteCustomJsonLayout#.json_0,apache__logging-log4j2#org.apache.logging.log4j.layout.template.json.JsonTemplateLayoutBenchmark.liteCustomJsonLayout#.json,0,216,2,2,15,True,False,214.0,-214.0,True,False,214.0,-214.0,True,False,201.0,-201.0
apache__logging-log4j2#org.apache.logging.log4j.perf.jmh.FileAppenderThrowableBenchmark.simpleThrowable#loggingConfiguration=LOG4J2_THROWABLE_ASYNC.json_0,apache__logging-log4j2#org.apache.logging.log4j.perf.jmh.FileAppenderThrowableBenchmark.simpleThrowable#loggingConfiguration=LOG4J2_THROWABLE_ASYNC.json,0,1271,1231,1231,0,True,False,40.0,-40.0,True,False,40.0,-40.0,True,False,1271.0,-1271.0
apache__logging-log4j2#org.apache.logging.log4j.perf.jmh.DebugDisabledBenchmark.log4jClassicDebugStringConcatenation#.json_0,apache__logging-log4j2#org.apache.logging.log4j.perf.jmh.DebugDisabledBenchmark.log4jClassicDebugStringConcatenation#.json,0,208,93,93,43,True,False,115.0,-115.0,True,False,115.0,-115.0,True,False,165.0,-165.0
eclipse__eclipse-collections#org.eclipse.collections.impl.jmh.map.ChainMapPutTest.jdk#isPresized=false&loadFactor=0.70f&size=7250000.json_0,eclipse__eclipse-collections#org.eclipse.collections.impl.jmh.map.ChainMapPutTest.jdk#isPresized=false&loadFactor=0.70f&size=7250000.json,0,293,6,6,36,True,False,287.0,-287.0,True,False,287.0,-287.0,True,False,257.0,-257.0
raphw__byte-buddy#net.bytebuddy.benchmark.SuperClassInvocationBenchmark.baseline#.json_0,raphw__byte-buddy#net.bytebuddy.benchmark.SuperClassInvocationBenchmark.baseline#.json,0,190,0,-1,183,True,False,190.0,-190.0,False,True,,,True,False,7.0,-7.0
hazelcast__hazelcast#com.hazelcast.internal.util.collection.OAHashSetBenchmark.contains_hz_OAHashSet#size=1000.json_0,hazelcast__hazelcast#com.hazelcast.internal.util.collection.OAHashSetBenchmark.contains_hz_OAHashSet#size=1000.json,0,426,1407,1790,1358,True,False,981.0,981.0,True,False,1364.0,1364.0,True,False,932.0,932.0
prometheus__client_java#io.prometheus.benchmark.GaugeBenchmark.prometheusGaugeChildSetBenchmark#.json_0,prometheus__client_java#io.prometheus.benchmark.GaugeBenchmark.prometheusGaugeChildSetBenchmark#.json,0,1218,0,0,0,True,False,1218.0,-1218.0,True,False,1218.0,-1218.0,True,False,1218.0,-1218.0
cantaloupe-project__cantaloupe#edu.illinois.library.cantaloupe.perf.processor.FfmpegProcessorPerformance.readInfoWithFLV#.json_0,cantaloupe-project__cantaloupe#edu.illinois.library.cantaloupe.perf.processor.FfmpegProcessorPerformance.readInfoWithFLV#.json,0,710,0,0,15,True,False,710.0,-710.0,True,False,710.0,-710.0,True,False,695.0,-695.0
yellowstonegames__SquidLib#squidpony.performance.RNGBenchmark.measureXoRoR#.json_0,yellowstonegames__SquidLib#squidpony.performance.RNGBenchmark.measureXoRoR#.json,0,521,0,1,0,True,False,521.0,-521.0,True,False,520.0,-520.0,True,False,521.0,-521.0
apache__camel#org.apache.camel.itest.jmh.NormalizeUriTest.benchmarkSlow#.json_0,apache__camel#org.apache.camel.itest.jmh.NormalizeUriTest.benchmarkSlow#.json,0,7,5,360,15,True,False,2.0,-2.0,True,False,353.0,353.0,True,False,8.0,8.0
RoaringBitmap__RoaringBitmap#org.roaringbitmap.iteration.BatchIteratorBenchmark.batchIterateAsIntIterator#bufferSize=128&dirtiness=0.1&keys=512&runniness=0.5.json_0,RoaringBitmap__RoaringBitmap#org.roaringbitmap.iteration.BatchIteratorBenchmark.batchIterateAsIntIterator#bufferSize=128&dirtiness=0.1&keys=512&runniness=0.5.json,0,11,0,0,0,True,False,11.0,-11.0,True,False,11.0,-11.0,True,False,11.0,-11.0
hazelcast__hazelcast#com.hazelcast.internal.util.collection.OAHashSetBenchmark.contains_hz_OAHashSet_withHash#size=10000.json_0,hazelcast__hazelcast#com.hazelcast.internal.util.collection.OAHashSetBenchmark.contains_hz_OAHashSet_withHash#size=10000.json,0,420,279,409,410,True,False,141.0,-141.0,True,False,11.0,-11.0,True,False,10.0,-10.0
apache__arrow#org.apache.arrow.memory.util.ArrowBufPointerBenchmarks.compareBenchmark#.json_0,apache__arrow#org.apache.arrow.memory.util.ArrowBufPointerBenchmarks.compareBenchmark#.json,0,202,0,0,15,True,False,202.0,-202.0,True,False,202.0,-202.0,True,False,187.0,-187.0
crate__crate#io.crate.analyze.PreExecutionBenchmark.measureParseAnalyzeAndPlanInsertFromValues#.json_0,crate__crate#io.crate.analyze.PreExecutionBenchmark.measureParseAnalyzeAndPlanInsertFromValues#.json,0,165,12,12,146,True,False,153.0,-153.0,True,False,153.0,-153.0,True,False,19.0,-19.0
imglib__imglib2#net.imglib2.loops.LoopPerformanceBenchmark.gradient_LoopBuilder_MultiThreaded#.json_0,imglib__imglib2#net.imglib2.loops.LoopPerformanceBenchmark.gradient_LoopBuilder_MultiThreaded#.json,0,141,14,14,15,True,False,127.0,-127.0,True,False,127.0,-127.0,True,False,126.0,-126.0
ReactiveX__RxJava#io.reactivex.rxjava3.core.StrictPerf.internal#count=1&cpu=100.json_0,ReactiveX__RxJava#io.reactivex.rxjava3.core.StrictPerf.internal#count=1&cpu=100.json,0,120,0,31,373,True,False,120.0,-120.0,True,False,89.0,-89.0,True,False,253.0,253.0
apache__arrow#org.apache.arrow.vector.BitVectorHelperBenchmarks.getNullCountBenchmark#.json_0,apache__arrow#org.apache.arrow.vector.BitVectorHelperBenchmarks.getNullCountBenchmark#.json,0,455,0,0,15,True,False,455.0,-455.0,True,False,455.0,-455.0,True,False,440.0,-440.0
apache__hive#org.apache.hive.benchmark.vectorization.operators.VectorGroupByOperatorBench.testAggCount#aggregation=stddev_pop&dataType=bigint&evalMode=PARTIAL1&hasNulls=true&isRepeating=true&processMode=GLOBAL.json_0,apache__hive#org.apache.hive.benchmark.vectorization.operators.VectorGroupByOperatorBench.testAggCount#aggregation=stddev_pop&dataType=bigint&evalMode=PARTIAL1&hasNulls=true&isRepeating=true&processMode=GLOBAL.json,0,281,0,0,15,True,False,281.0,-281.0,True,False,281.0,-281.0,True,False,266.0,-266.0
prestodb__presto#com.facebook.presto.operator.BenchmarkBlockFlattener.benchmarkWithoutFlatten#blockSize=1000000&nestedLevel=5&numberOfIterations=1000.json_0,prestodb__presto#com.facebook.presto.operator.BenchmarkBlockFlattener.benchmarkWithoutFlatten#blockSize=1000000&nestedLevel=5&numberOfIterations=1000.json,0,2698,0,0,0,True,False,2698.0,-2698.0,True,False,2698.0,-2698.0,True,False,2698.0,-2698.0
jdbi__jdbi#org.jdbi.v3.benchmark.QualifiersBenchmark.neq4To4#.json_0,jdbi__jdbi#org.jdbi.v3.benchmark.QualifiersBenchmark.neq4To4#.json,0,287,137,214,365,True,False,150.0,-150.0,True,False,73.0,-73.0,True,False,78.0,78.0
RoaringBitmap__RoaringBitmap#org.roaringbitmap.writer.WriteSequential.incrementalUseOrderedWriter#randomness=0.5&scenario=SPARSE&size=100000.json_0,RoaringBitmap__RoaringBitmap#org.roaringbitmap.writer.WriteSequential.incrementalUseOrderedWriter#randomness=0.5&scenario=SPARSE&size=100000.json,0,259,0,220,251,True,False,259.0,-259.0,True,False,39.0,-39.0,True,False,8.0,-8.0
apache__arrow#org.apache.arrow.vector.ipc.WriteChannelBenchmark.alignBenchmark#alignSize=2.json_0,apache__arrow#org.apache.arrow.vector.ipc.WriteChannelBenchmark.alignBenchmark#alignSize=2.json,0,13,2,2,15,True,False,11.0,-11.0,True,False,11.0,-11.0,True,False,2.0,2.0
jdbi__jdbi#org.jdbi.v3.benchmark.QualifiersBenchmark.eq3To3#.json_0,jdbi__jdbi#org.jdbi.v3.benchmark.QualifiersBenchmark.eq3To3#.json,0,471,7,758,460,True,False,464.0,-464.0,True,False,287.0,287.0,True,False,11.0,-11.0
apache__camel#org.apache.camel.itest.jmh.NormalizeUriTest.benchmarkFast#.json_0,apache__camel#org.apache.camel.itest.jmh.NormalizeUriTest.benchmarkFast#.json,0,6,32,460,15,True,False,26.0,26.0,True,False,454.0,454.0,True,False,9.0,9.0
netty__netty#io.netty.microbench.internal.EscapeCsvBenchmark.escapeCsvOld#value=netty.json_0,netty__netty#io.netty.microbench.internal.EscapeCsvBenchmark.escapeCsvOld#value=netty.json,0,289,0,1516,15,True,False,289.0,-289.0,True,False,1227.0,1227.0,True,False,274.0,-274.0
raphw__byte-buddy#net.bytebuddy.benchmark.SuperClassInvocationBenchmark.benchmarkByteBuddySpecialized#.json_0,raphw__byte-buddy#net.bytebuddy.benchmark.SuperClassInvocationBenchmark.benchmarkByteBuddySpecialized#.json,0,186,327,365,49,True,False,141.0,141.0,True,False,179.0,179.0,True,False,137.0,-137.0
netty__netty#io.netty.microbench.buffer.ByteBufCopyBenchmark.setBytes#alignedCopyByteBuf=false&alignedCopyByteBuffer=false&directByteBuff=true&directByteBuffer=false&nativeOrderByteBuffer=false&pooledByteBuf=false&readonlyByteBuffer=false&size=128.json_0,netty__netty#io.netty.microbench.buffer.ByteBufCopyBenchmark.setBytes#alignedCopyByteBuf=false&alignedCopyByteBuffer=false&directByteBuff=true&directByteBuffer=false&nativeOrderByteBuffer=false&pooledByteBuf=false&readonlyByteBuffer=false&size=128.json,0,269,0,2243,15,True,False,269.0,-269.0,True,False,1974.0,1974.0,True,False,254.0,-254.0
HdrHistogram__HdrHistogram#bench.HdrHistogramEncodingBench.skinnyEncodeIntoCompressedByteBuffer#latencySeriesName=case2&numberOfSignificantValueDigits=3.json_0,HdrHistogram__HdrHistogram#bench.HdrHistogramEncodingBench.skinnyEncodeIntoCompressedByteBuffer#latencySeriesName=case2&numberOfSignificantValueDigits=3.json,0,200,172,1420,87,True,False,28.0,-28.0,True,False,1220.0,1220.0,True,False,113.0,-113.0
jdbi__jdbi#org.jdbi.v3.core.EnumBenchmark.mapEnumCaseInsensitive#.json_0,jdbi__jdbi#org.jdbi.v3.core.EnumBenchmark.mapEnumCaseInsensitive#.json,0,539,28,27,15,True,False,511.0,-511.0,True,False,512.0,-512.0,True,False,524.0,-524.0
ReactiveX__RxJava#io.reactivex.rxjava3.xmapz.ObservableConcatMapCompletablePerf.observablePlain#count=1.json_0,ReactiveX__RxJava#io.reactivex.rxjava3.xmapz.ObservableConcatMapCompletablePerf.observablePlain#count=1.json,0,328,0,0,15,True,False,328.0,-328.0,True,False,328.0,-328.0,True,False,313.0,-313.0
prestodb__presto#com.facebook.presto.operator.BenchmarkBlockFlattener.benchmarkWithFlatten#blockSize=100000&nestedLevel=2&numberOfIterations=1&reuseArrays=true.json_0,prestodb__presto#com.facebook.presto.operator.BenchmarkBlockFlattener.benchmarkWithFlatten#blockSize=100000&nestedLevel=2&numberOfIterations=1&reuseArrays=true.json,0,255,0,0,15,True,False,255.0,-255.0,True,False,255.0,-255.0,True,False,240.0,-240.0
apache__arrow#org.apache.arrow.vector.util.TransferPairBenchmarks.splitAndTransferVarcharVector#.json_0,apache__arrow#org.apache.arrow.vector.util.TransferPairBenchmarks.splitAndTransferVarcharVector#.json,0,207,6,6,208,True,False,201.0,-201.0,True,False,201.0,-201.0,True,False,1.0,1.0
cantaloupe-project__cantaloupe#edu.illinois.library.cantaloupe.perf.processor.Java2dProcessorPerformance.processWithBMP#.json_0,cantaloupe-project__cantaloupe#edu.illinois.library.cantaloupe.perf.processor.Java2dProcessorPerformance.processWithBMP#.json,0,20,7,7,15,True,False,13.0,-13.0,True,False,13.0,-13.0,True,False,5.0,-5.0
r2dbc__r2dbc-h2#io.r2dbc.h2.StagedResultSizeBenchmarks.simpleR2dbc#resultSize=100.json_0,r2dbc__r2dbc-h2#io.r2dbc.h2.StagedResultSizeBenchmarks.simpleR2dbc#resultSize=100.json,0,8,14,2,15,True,False,6.0,6.0,True,False,6.0,-6.0,True,False,7.0,7.0
eclipse__jetty.project#org.eclipse.jetty.util.StringReplaceBenchmark.testJavaStringReplaceReduce#matches=1&size=3.json_0,eclipse__jetty.project#org.eclipse.jetty.util.StringReplaceBenchmark.testJavaStringReplaceReduce#matches=1&size=3.json,0,204,338,192,351,True,False,134.0,134.0,True,False,12.0,-12.0,True,False,147.0,147.0
r2dbc__r2dbc-h2#io.r2dbc.h2.StagedResultSizeBenchmarks.preparedJdbc#resultSize=100.json_0,r2dbc__r2dbc-h2#io.r2dbc.h2.StagedResultSizeBenchmarks.preparedJdbc#resultSize=100.json,0,115,1,1,15,True,False,114.0,-114.0,True,False,114.0,-114.0,True,False,100.0,-100.0
apache__arrow#org.apache.arrow.vector.util.TransferPairBenchmarks.splitAndTransferIntVector#.json_0,apache__arrow#org.apache.arrow.vector.util.TransferPairBenchmarks.splitAndTransferIntVector#.json,0,674,2,11,15,True,False,672.0,-672.0,True,False,663.0,-663.0,True,False,659.0,-659.0
eclipse__jetty.project#org.eclipse.jetty.util.StringReplaceBenchmark.testJettyStringUtilReplaceReduce#matches=1&size=100.json_0,eclipse__jetty.project#org.eclipse.jetty.util.StringReplaceBenchmark.testJettyStringUtilReplaceReduce#matches=1&size=100.json,0,131,124,124,40,True,False,7.0,-7.0,True,False,7.0,-7.0,True,False,91.0,-91.0
r2dbc__r2dbc-h2#io.r2dbc.h2.StagedResultSizeBenchmarks.simpleJdbc#resultSize=200.json_0,r2dbc__r2dbc-h2#io.r2dbc.h2.StagedResultSizeBenchmarks.simpleJdbc#resultSize=200.json,0,399,0,1,15,True,False,399.0,-399.0,True,False,398.0,-398.0,True,False,384.0,-384.0
imglib__imglib2#net.imglib2.loops.LoopPerformanceBenchmark.copy_flatIterable#.json_0,imglib__imglib2#net.imglib2.loops.LoopPerformanceBenchmark.copy_flatIterable#.json,0,253,0,0,15,True,False,253.0,-253.0,True,False,253.0,-253.0,True,False,238.0,-238.0
apache__hive#org.apache.hive.benchmark.vectorization.operators.VectorGroupByOperatorBench.testAggCount#aggregation=stddev_samp&dataType=double&evalMode=COMPLETE&hasNulls=true&isRepeating=true&processMode=HASH.json_0,apache__hive#org.apache.hive.benchmark.vectorization.operators.VectorGroupByOperatorBench.testAggCount#aggregation=stddev_samp&dataType=double&evalMode=COMPLETE&hasNulls=true&isRepeating=true&processMode=HASH.json,0,459,1,1,404,True,False,458.0,-458.0,True,False,458.0,-458.0,True,False,55.0,-55.0
hazelcast__hazelcast#com.hazelcast.internal.util.collection.OAHashSetBenchmark.contains_hz_OAHashSet#size=10.json_0,hazelcast__hazelcast#com.hazelcast.internal.util.collection.OAHashSetBenchmark.contains_hz_OAHashSet#size=10.json,0,413,72,2253,73,True,False,341.0,-341.0,True,False,1840.0,1840.0,True,False,340.0,-340.0
protostuff__protostuff#io.protostuff.benchmarks.RuntimeSchemaBenchmark.runtime_deserialize_1_int_field#.json_0,protostuff__protostuff#io.protostuff.benchmarks.RuntimeSchemaBenchmark.runtime_deserialize_1_int_field#.json,0,460,0,1,15,True,False,460.0,-460.0,True,False,459.0,-459.0,True,False,445.0,-445.0
apache__kafka#org.apache.kafka.jmh.record.RecordBatchIterationBenchmark.measureStreamingIteratorForVariableBatchSize#bufferSupplierStr=CREATE&bytes=RANDOM&compressionType=LZ4&maxBatchSize=1&messageSize=100&messageVersion=1.json_0,apache__kafka#org.apache.kafka.jmh.record.RecordBatchIterationBenchmark.measureStreamingIteratorForVariableBatchSize#bufferSupplierStr=CREATE&bytes=RANDOM&compressionType=LZ4&maxBatchSize=1&messageSize=100&messageVersion=1.json,0,456,176,109,69,True,False,280.0,-280.0,True,False,347.0,-347.0,True,False,387.0,-387.0
zalando__logbook#org.zalando.logbook.HttpLogFormatterBenchmark.jsonRequest#.json_0,zalando__logbook#org.zalando.logbook.HttpLogFormatterBenchmark.jsonRequest#.json,0,283,145,277,278,True,False,138.0,-138.0,True,False,6.0,-6.0,True,False,5.0,-5.0
prometheus__client_java#io.prometheus.benchmark.GaugeBenchmark.codahaleCounterDecBenchmark#.json_0,prometheus__client_java#io.prometheus.benchmark.GaugeBenchmark.codahaleCounterDecBenchmark#.json,0,286,0,1,180,True,False,286.0,-286.0,True,False,285.0,-285.0,True,False,106.0,-106.0
netty__netty#io.netty.microbench.buffer.ByteBufUtilBenchmark.decodeStringAscii#direct=true&length=8.json_0,netty__netty#io.netty.microbench.buffer.ByteBufUtilBenchmark.decodeStringAscii#direct=true&length=8.json,0,456,342,342,88,True,False,114.0,-114.0,True,False,114.0,-114.0,True,False,368.0,-368.0
crate__crate#io.crate.execution.engine.aggregation.GroupingLongCollectorBenchmark.measureGroupBySumLong#.json_0,crate__crate#io.crate.execution.engine.aggregation.GroupingLongCollectorBenchmark.measureGroupBySumLong#.json,0,903,8,8,0,True,False,895.0,-895.0,True,False,895.0,-895.0,True,False,903.0,-903.0
prometheus__client_java#io.prometheus.benchmark.SummaryBenchmark.codahaleHistogramBenchmark#.json_0,prometheus__client_java#io.prometheus.benchmark.SummaryBenchmark.codahaleHistogramBenchmark#.json,0,113,0,0,0,True,False,113.0,-113.0,True,False,113.0,-113.0,True,False,113.0,-113.0
hazelcast__hazelcast#com.hazelcast.wan.impl.merkletree.ArrayMerkleTreeBenchmark.updateAdd_heap_4G#depth=16.json_0,hazelcast__hazelcast#com.hazelcast.wan.impl.merkletree.ArrayMerkleTreeBenchmark.updateAdd_heap_4G#depth=16.json,0,285,0,1446,756,True,False,285.0,-285.0,True,False,1161.0,1161.0,True,False,471.0,471.0
prestodb__presto#com.facebook.presto.operator.BenchmarkBlockFlattener.benchmarkWithoutFlatten#blockSize=100000&nestedLevel=4&numberOfIterations=1000.json_0,prestodb__presto#com.facebook.presto.operator.BenchmarkBlockFlattener.benchmarkWithoutFlatten#blockSize=100000&nestedLevel=4&numberOfIterations=1000.json,0,1400,0,0,0,True,False,1400.0,-1400.0,True,False,1400.0,-1400.0,True,False,1400.0,-1400.0
prometheus__client_java#io.prometheus.benchmark.SummaryBenchmark.prometheusSimpleSummaryNoLabelsBenchmark#.json_0,prometheus__client_java#io.prometheus.benchmark.SummaryBenchmark.prometheusSimpleSummaryNoLabelsBenchmark#.json,0,256,0,1,15,True,False,256.0,-256.0,True,False,255.0,-255.0,True,False,241.0,-241.0
apache__kafka#org.apache.kafka.jmh.record.RecordBatchIterationBenchmark.measureSkipIteratorForVariableBatchSize#bufferSupplierStr=NO_CACHING&bytes=RANDOM&compressionType=GZIP&maxBatchSize=50&messageSize=1000&messageVersion=2.json_0,apache__kafka#org.apache.kafka.jmh.record.RecordBatchIterationBenchmark.measureSkipIteratorForVariableBatchSize#bufferSupplierStr=NO_CACHING&bytes=RANDOM&compressionType=GZIP&maxBatchSize=50&messageSize=1000&messageVersion=2.json,0,637,0,0,15,True,False,637.0,-637.0,True,False,637.0,-637.0,True,False,622.0,-622.0
netty__netty#io.netty.microbench.headers.HeadersBenchmark.httpAddAllFast#exampleHeader=TWENTYTWO.json_0,netty__netty#io.netty.microbench.headers.HeadersBenchmark.httpAddAllFast#exampleHeader=TWENTYTWO.json,0,230,0,0,151,True,False,230.0,-230.0,True,False,230.0,-230.0,True,False,79.0,-79.0
protostuff__protostuff#io.protostuff.benchmarks.RuntimeSchemaBenchmark.generated_deserialize_1_int_field#.json_0,protostuff__protostuff#io.protostuff.benchmarks.RuntimeSchemaBenchmark.generated_deserialize_1_int_field#.json,0,355,175,64,313,True,False,180.0,-180.0,True,False,291.0,-291.0,True,False,42.0,-42.0
RoaringBitmap__RoaringBitmap#org.roaringbitmap.iteration.BatchIteratorBenchmark.batchIterate#bufferSize=256&dirtiness=0.5&keys=256&runniness=0.5.json_0,RoaringBitmap__RoaringBitmap#org.roaringbitmap.iteration.BatchIteratorBenchmark.batchIterate#bufferSize=256&dirtiness=0.5&keys=256&runniness=0.5.json,0,327,320,320,15,True,False,7.0,-7.0,True,False,7.0,-7.0,True,False,312.0,-312.0
zalando__logbook#org.zalando.logbook.json.JsonMediaTypeBenchmark.contentType2#.json_0,zalando__logbook#org.zalando.logbook.json.JsonMediaTypeBenchmark.contentType2#.json,0,282,1,1,15,True,False,281.0,-281.0,True,False,281.0,-281.0,True,False,267.0,-267.0
raphw__byte-buddy#net.bytebuddy.benchmark.ClassByExtensionBenchmark.benchmarkByteBuddyWithProxyWithTypePool#.json_0,raphw__byte-buddy#net.bytebuddy.benchmark.ClassByExtensionBenchmark.benchmarkByteBuddyWithProxyWithTypePool#.json,0,183,44,713,15,True,False,139.0,-139.0,True,False,530.0,530.0,True,False,168.0,-168.0
imglib__imglib2#net.imglib2.loops.LoopPerformanceBenchmark.gradient_better#.json_0,imglib__imglib2#net.imglib2.loops.LoopPerformanceBenchmark.gradient_better#.json,0,515,0,0,15,True,False,515.0,-515.0,True,False,515.0,-515.0,True,False,500.0,-500.0
apache__logging-log4j2#org.apache.logging.log4j.perf.jmh.AsyncAppenderLogbackBenchmark.throughput7Params#.json_0,apache__logging-log4j2#org.apache.logging.log4j.perf.jmh.AsyncAppenderLogbackBenchmark.throughput7Params#.json,0,243,132,28,15,True,False,111.0,-111.0,True,False,215.0,-215.0,True,False,228.0,-228.0
JCTools__JCTools#org.jctools.jmh.latency.spsc.MpqRelaxedBurstCost.burstCost#burstSize=1&qType=SpmcArrayQueue.json_0,JCTools__JCTools#org.jctools.jmh.latency.spsc.MpqRelaxedBurstCost.burstCost#burstSize=1&qType=SpmcArrayQueue.json,0,1978,1965,1965,2096,True,False,13.0,-13.0,True,False,13.0,-13.0,True,False,118.0,118.0
apache__hive#org.apache.hive.benchmark.vectorization.operators.VectorGroupByOperatorBench.testAggCount#aggregation=max&dataType=double&evalMode=PARTIAL1&hasNulls=true&isRepeating=false&processMode=HASH.json_0,apache__hive#org.apache.hive.benchmark.vectorization.operators.VectorGroupByOperatorBench.testAggCount#aggregation=max&dataType=double&evalMode=PARTIAL1&hasNulls=true&isRepeating=false&processMode=HASH.json,0,267,0,0,15,True,False,267.0,-267.0,True,False,267.0,-267.0,True,False,252.0,-252.0
JCTools__JCTools#org.jctools.channels.spsc.SpscProxyChannelBenchmark.unalignedPrimitiveArgsBaseline#limit=128000.json_0,JCTools__JCTools#org.jctools.channels.spsc.SpscProxyChannelBenchmark.unalignedPrimitiveArgsBaseline#limit=128000.json,0,486,0,2,0,True,False,486.0,-486.0,True,False,484.0,-484.0,True,False,486.0,-486.0
eclipse__jetty.project#org.eclipse.jetty.util.PoolStrategyBenchmark.testAcquireReleasePoolWithStrategy#CACHE=true&POOL_TYPE=Pool.RoundRobin&SIZE=16.json_0,eclipse__jetty.project#org.eclipse.jetty.util.PoolStrategyBenchmark.testAcquireReleasePoolWithStrategy#CACHE=true&POOL_TYPE=Pool.RoundRobin&SIZE=16.json,0,144,0,39,15,True,False,144.0,-144.0,True,False,105.0,-105.0,True,False,129.0,-129.0
prometheus__client_java#io.prometheus.benchmark.GaugeBenchmark.prometheusSimpleGaugeIncBenchmark#.json_0,prometheus__client_java#io.prometheus.benchmark.GaugeBenchmark.prometheusSimpleGaugeIncBenchmark#.json,0,535,307,168,350,True,False,228.0,-228.0,True,False,367.0,-367.0,True,False,185.0,-185.0
hazelcast__hazelcast#com.hazelcast.query.impl.bitmap.SparseBitSetIterateBenchmark.iterateRoaring#.json_0,hazelcast__hazelcast#com.hazelcast.query.impl.bitmap.SparseBitSetIterateBenchmark.iterateRoaring#.json,0,722,1,1,15,True,False,721.0,-721.0,True,False,721.0,-721.0,True,False,707.0,-707.0
hazelcast__hazelcast#com.hazelcast.wan.impl.merkletree.ArrayMerkleTreeBenchmark.updateAdd_heap_1G#depth=16.json_0,hazelcast__hazelcast#com.hazelcast.wan.impl.merkletree.ArrayMerkleTreeBenchmark.updateAdd_heap_1G#depth=16.json,0,16,0,5,15,True,False,16.0,-16.0,True,False,11.0,-11.0,True,False,1.0,-1.0
apache__hive#org.apache.hive.benchmark.vectorization.operators.VectorGroupByOperatorBench.testAggCount#aggregation=max&dataType=double&evalMode=COMPLETE&hasNulls=false&isRepeating=true&processMode=HASH.json_0,apache__hive#org.apache.hive.benchmark.vectorization.operators.VectorGroupByOperatorBench.testAggCount#aggregation=max&dataType=double&evalMode=COMPLETE&hasNulls=false&isRepeating=true&processMode=HASH.json,0,275,1,1,15,True,False,274.0,-274.0,True,False,274.0,-274.0,True,False,260.0,-260.0
HdrHistogram__HdrHistogram#bench.HdrHistogramEncodingBench.encodeIntoCompressedByteBuffer#latencySeriesName=case2&numberOfSignificantValueDigits=2.json_0,HdrHistogram__HdrHistogram#bench.HdrHistogramEncodingBench.encodeIntoCompressedByteBuffer#latencySeriesName=case2&numberOfSignificantValueDigits=2.json,0,3,0,0,15,True,False,3.0,-3.0,True,False,3.0,-3.0,True,False,12.0,12.0
jdbi__jdbi#org.jdbi.v3.benchmark.sqlobject.H2SqlObjectV2Benchmark.attach#.json_0,jdbi__jdbi#org.jdbi.v3.benchmark.sqlobject.H2SqlObjectV2Benchmark.attach#.json,0,349,2229,-1,15,True,False,1880.0,1880.0,False,True,,,True,False,334.0,-334.0
apache__tinkerpop#org.apache.tinkerpop.gremlin.process.TraversalConstructionBenchmark.constructLong#.json_0,apache__tinkerpop#org.apache.tinkerpop.gremlin.process.TraversalConstructionBenchmark.constructLong#.json,0,431,70,-1,15,True,False,361.0,-361.0,False,True,,,True,False,416.0,-416.0
eclipse__eclipse-collections#org.eclipse.collections.impl.jmh.map.TroveMapPutTest.trove#isPresized=false&loadFactor=0.55&size=8750000.json_0,eclipse__eclipse-collections#org.eclipse.collections.impl.jmh.map.TroveMapPutTest.trove#isPresized=false&loadFactor=0.55&size=8750000.json,0,68,0,0,0,True,False,68.0,-68.0,True,False,68.0,-68.0,True,False,68.0,-68.0
JCTools__JCTools#org.jctools.jmh.latency.MpqBurstCost.burstCost#burstSize=100&consumerCount=1&qCapacity=132000&qType=SpmcArrayQueue&warmup=true.json_0,JCTools__JCTools#org.jctools.jmh.latency.MpqBurstCost.burstCost#burstSize=100&consumerCount=1&qCapacity=132000&qType=SpmcArrayQueue&warmup=true.json,0,1941,1934,1934,2000,True,False,7.0,-7.0,True,False,7.0,-7.0,True,False,59.0,59.0
apache__camel#org.apache.camel.itest.jmh.TypeConverterTest.typeConvertStringToDocument#.json_0,apache__camel#org.apache.camel.itest.jmh.TypeConverterTest.typeConvertStringToDocument#.json,0,213,21,10,15,True,False,192.0,-192.0,True,False,203.0,-203.0,True,False,198.0,-198.0
eclipse-vertx__vert.x#io.vertx.benchmarks.JsonEncodeBenchmark.deepBufferJackson#.json_0,eclipse-vertx__vert.x#io.vertx.benchmarks.JsonEncodeBenchmark.deepBufferJackson#.json,0,312,78,1,15,True,False,234.0,-234.0,True,False,311.0,-311.0,True,False,297.0,-297.0
RoaringBitmap__RoaringBitmap#org.roaringbitmap.iteration.BatchIteratorBenchmark.iterate#bufferSize=256&dirtiness=0.5&keys=512&runniness=0.25.json_0,RoaringBitmap__RoaringBitmap#org.roaringbitmap.iteration.BatchIteratorBenchmark.iterate#bufferSize=256&dirtiness=0.5&keys=512&runniness=0.25.json,0,578,0,0,105,True,False,578.0,-578.0,True,False,578.0,-578.0,True,False,473.0,-473.0
raphw__byte-buddy#net.bytebuddy.benchmark.SuperClassInvocationBenchmark.benchmarkByteBuddyWithProxy#.json_0,raphw__byte-buddy#net.bytebuddy.benchmark.SuperClassInvocationBenchmark.benchmarkByteBuddyWithProxy#.json,0,225,64,64,15,True,False,161.0,-161.0,True,False,161.0,-161.0,True,False,210.0,-210.0
eclipse__jetty.project#org.eclipse.jetty.util.StringReplaceBenchmark.testJavaStringReplaceGrowth#matches=3&size=3.json_0,eclipse__jetty.project#org.eclipse.jetty.util.StringReplaceBenchmark.testJavaStringReplaceGrowth#matches=3&size=3.json,0,254,103,103,15,True,False,151.0,-151.0,True,False,151.0,-151.0,True,False,239.0,-239.0
RoaringBitmap__RoaringBitmap#org.roaringbitmap.iteration.BatchIteratorBenchmark.batchIterate#bufferSize=512&dirtiness=0.1&keys=4096&runniness=0.1.json_0,RoaringBitmap__RoaringBitmap#org.roaringbitmap.iteration.BatchIteratorBenchmark.batchIterate#bufferSize=512&dirtiness=0.1&keys=4096&runniness=0.1.json,0,1557,1552,1552,-1,True,False,5.0,-5.0,True,False,5.0,-5.0,False,True,,
hazelcast__hazelcast#com.hazelcast.wan.impl.merkletree.ArrayMerkleTreeBenchmark.updateReplace#depth=16.json_0,hazelcast__hazelcast#com.hazelcast.wan.impl.merkletree.ArrayMerkleTreeBenchmark.updateReplace#depth=16.json,0,38,0,0,114,True,False,38.0,-38.0,True,False,38.0,-38.0,True,False,76.0,76.0
HdrHistogram__HdrHistogram#bench.HdrHistogramEncodingBench.skinnyEncodeIntoCompressedByteBuffer#latencySeriesName=sparsed1&numberOfSignificantValueDigits=3.json_0,HdrHistogram__HdrHistogram#bench.HdrHistogramEncodingBench.skinnyEncodeIntoCompressedByteBuffer#latencySeriesName=sparsed1&numberOfSignificantValueDigits=3.json,0,157,0,1568,1659,True,False,157.0,-157.0,True,False,1411.0,1411.0,True,False,1502.0,1502.0
openzipkin__zipkin#zipkin2.codec.CodecBenchmarks.writeChineseSpan_JSON_V2#.json_0,openzipkin__zipkin#zipkin2.codec.CodecBenchmarks.writeChineseSpan_JSON_V2#.json,0,708,0,0,28,True,False,708.0,-708.0,True,False,708.0,-708.0,True,False,680.0,-680.0
r2dbc__r2dbc-h2#io.r2dbc.h2.StagedResultSizeBenchmarks.parametrizedR2dbc#resultSize=200.json_0,r2dbc__r2dbc-h2#io.r2dbc.h2.StagedResultSizeBenchmarks.parametrizedR2dbc#resultSize=200.json,0,12,8,174,8,True,False,4.0,-4.0,True,False,162.0,162.0,True,False,4.0,-4.0
HdrHistogram__HdrHistogram#bench.HdrHistogramEncodingBench.encodeIntoCompressedByteBuffer#latencySeriesName=case3&numberOfSignificantValueDigits=2.json_0,HdrHistogram__HdrHistogram#bench.HdrHistogramEncodingBench.encodeIntoCompressedByteBuffer#latencySeriesName=case3&numberOfSignificantValueDigits=2.json,0,12,0,0,15,True,False,12.0,-12.0,True,False,12.0,-12.0,True,False,3.0,3.0
prometheus__client_java#io.prometheus.benchmark.SummaryBenchmark.prometheusSimpleSummaryChildBenchmark#.json_0,prometheus__client_java#io.prometheus.benchmark.SummaryBenchmark.prometheusSimpleSummaryChildBenchmark#.json,0,361,0,0,0,True,False,361.0,-361.0,True,False,361.0,-361.0,True,False,361.0,-361.0
eclipse__jetty.project#org.eclipse.jetty.util.StringReplaceBenchmark.testJettyStringUtilReplaceSame#matches=1&size=3.json_0,eclipse__jetty.project#org.eclipse.jetty.util.StringReplaceBenchmark.testJettyStringUtilReplaceSame#matches=1&size=3.json,0,445,12,12,427,True,False,433.0,-433.0,True,False,433.0,-433.0,True,False,18.0,-18.0
zalando__logbook#org.zalando.logbook.HttpLogFormatterBenchmark.fastJsonResponse#.json_0,zalando__logbook#org.zalando.logbook.HttpLogFormatterBenchmark.fastJsonResponse#.json,0,276,271,29,15,True,False,5.0,-5.0,True,False,247.0,-247.0,True,False,261.0,-261.0
HdrHistogram__HdrHistogram#bench.HdrHistogramEncodingBench.skinnyEncodeIntoCompressedByteBuffer#latencySeriesName=longestjHiccupLine&numberOfSignificantValueDigits=2.json_0,HdrHistogram__HdrHistogram#bench.HdrHistogramEncodingBench.skinnyEncodeIntoCompressedByteBuffer#latencySeriesName=longestjHiccupLine&numberOfSignificantValueDigits=2.json,0,382,101,101,15,True,False,281.0,-281.0,True,False,281.0,-281.0,True,False,367.0,-367.0
apache__tinkerpop#org.apache.tinkerpop.jsr223.GremlinGroovyScriptEngineBenchmark.testEvalShortNoCache#.json_0,apache__tinkerpop#org.apache.tinkerpop.jsr223.GremlinGroovyScriptEngineBenchmark.testEvalShortNoCache#.json,0,302,1466,2472,-1,True,False,1164.0,1164.0,True,False,2170.0,2170.0,False,True,,
cantaloupe-project__cantaloupe#edu.illinois.library.cantaloupe.perf.processor.JaiProcessorPerformance.readInfoWithTIF#.json_0,cantaloupe-project__cantaloupe#edu.illinois.library.cantaloupe.perf.processor.JaiProcessorPerformance.readInfoWithTIF#.json,0,12,37,37,15,True,False,25.0,25.0,True,False,25.0,25.0,True,False,3.0,3.0
JCTools__JCTools#org.jctools.jmh.collections.SetOps.add#keyBound=2048&occupancy=512&size=1024&type=java.util.HashSet.json_0,JCTools__JCTools#org.jctools.jmh.collections.SetOps.add#keyBound=2048&occupancy=512&size=1024&type=java.util.HashSet.json,0,287,0,0,56,True,False,287.0,-287.0,True,False,287.0,-287.0,True,False,231.0,-231.0
apache__logging-log4j2#org.apache.logging.log4j.perf.jmh.MarkerFilterBenchmark.logbackTooFine#.json_0,apache__logging-log4j2#org.apache.logging.log4j.perf.jmh.MarkerFilterBenchmark.logbackTooFine#.json,0,226,1,1,15,True,False,225.0,-225.0,True,False,225.0,-225.0,True,False,211.0,-211.0
apache__hive#org.apache.hive.benchmark.vectorization.operators.VectorGroupByOperatorBench.testAggCount#aggregation=sum&dataType=bigint&evalMode=PARTIAL2&hasNulls=true&isRepeating=true&processMode=HASH.json_0,apache__hive#org.apache.hive.benchmark.vectorization.operators.VectorGroupByOperatorBench.testAggCount#aggregation=sum&dataType=bigint&evalMode=PARTIAL2&hasNulls=true&isRepeating=true&processMode=HASH.json,0,2170,0,1,15,True,False,2170.0,-2170.0,True,False,2169.0,-2169.0,True,False,2155.0,-2155.0
apache__hive#org.apache.hive.benchmark.vectorization.operators.VectorGroupByOperatorBench.testAggCount#aggregation=stddev_pop&dataType=double&evalMode=PARTIAL1&hasNulls=true&isRepeating=true&processMode=GLOBAL.json_0,apache__hive#org.apache.hive.benchmark.vectorization.operators.VectorGroupByOperatorBench.testAggCount#aggregation=stddev_pop&dataType=double&evalMode=PARTIAL1&hasNulls=true&isRepeating=true&processMode=GLOBAL.json,0,413,0,0,281,True,False,413.0,-413.0,True,False,413.0,-413.0,True,False,132.0,-132.0
apache__hive#org.apache.hive.benchmark.vectorization.operators.VectorGroupByOperatorBench.testAggCount#aggregation=stddev_pop&dataType=double&evalMode=COMPLETE&hasNulls=false&isRepeating=false&processMode=HASH.json_0,apache__hive#org.apache.hive.benchmark.vectorization.operators.VectorGroupByOperatorBench.testAggCount#aggregation=stddev_pop&dataType=double&evalMode=COMPLETE&hasNulls=false&isRepeating=false&processMode=HASH.json,0,702,0,0,15,True,False,702.0,-702.0,True,False,702.0,-702.0,True,False,687.0,-687.0
imglib__imglib2#net.imglib2.loops.SyncedPositionablesBenchmark.benchmark2#.json_0,imglib__imglib2#net.imglib2.loops.SyncedPositionablesBenchmark.benchmark2#.json,0,362,351,351,0,True,False,11.0,-11.0,True,False,11.0,-11.0,True,False,362.0,-362.0
eclipse__jetty.project#org.eclipse.jetty.util.StringReplaceBenchmark.testJavaStringReplaceReduce#matches=3&size=100.json_0,eclipse__jetty.project#org.eclipse.jetty.util.StringReplaceBenchmark.testJavaStringReplaceReduce#matches=3&size=100.json,0,141,0,0,15,True,False,141.0,-141.0,True,False,141.0,-141.0,True,False,126.0,-126.0
netty__netty#io.netty.microbenchmark.common.IsValidIpV6Benchmark.isValidIpV6AddressOld#ip=0:0:0:0:0:0:10.0.0.1.json_0,netty__netty#io.netty.microbenchmark.common.IsValidIpV6Benchmark.isValidIpV6AddressOld#ip=0:0:0:0:0:0:10.0.0.1.json,0,327,0,0,15,True,False,327.0,-327.0,True,False,327.0,-327.0,True,False,312.0,-312.0
netty__netty#io.netty.microbench.buffer.ByteBufCopyBenchmark.setBytes#alignedCopyByteBuf=true&alignedCopyByteBuffer=false&directByteBuff=false&directByteBuffer=false&nativeOrderByteBuffer=false&pooledByteBuf=false&readonlyByteBuffer=false&size=36.json_0,netty__netty#io.netty.microbench.buffer.ByteBufCopyBenchmark.setBytes#alignedCopyByteBuf=true&alignedCopyByteBuffer=false&directByteBuff=false&directByteBuffer=false&nativeOrderByteBuffer=false&pooledByteBuf=false&readonlyByteBuffer=false&size=36.json,0,389,0,0,15,True,False,389.0,-389.0,True,False,389.0,-389.0,True,False,374.0,-374.0
apache__camel#org.apache.camel.itest.jmh.NormalizeUriTest.benchmarkFastSorted#.json_0,apache__camel#org.apache.camel.itest.jmh.NormalizeUriTest.benchmarkFastSorted#.json,0,6,53,292,15,True,False,47.0,47.0,True,False,286.0,286.0,True,False,9.0,9.0
apache__camel#org.apache.camel.itest.jmh.CaseInsensitiveMapTest.camelMapComplexCase#.json_0,apache__camel#org.apache.camel.itest.jmh.CaseInsensitiveMapTest.camelMapComplexCase#.json,0,1835,0,0,806,True,False,1835.0,-1835.0,True,False,1835.0,-1835.0,True,False,1029.0,-1029.0
netty__netty#io.netty.handler.codec.http2.Http2FrameWriterDataBenchmark.newWriter#padding=100&payloadSize=1024&pooled=true.json_0,netty__netty#io.netty.handler.codec.http2.Http2FrameWriterDataBenchmark.newWriter#padding=100&payloadSize=1024&pooled=true.json,0,837,144,743,744,True,False,693.0,-693.0,True,False,94.0,-94.0,True,False,93.0,-93.0
raphw__byte-buddy#net.bytebuddy.benchmark.ClassByExtensionBenchmark.benchmarkByteBuddyWithPrefix#.json_0,raphw__byte-buddy#net.bytebuddy.benchmark.ClassByExtensionBenchmark.benchmarkByteBuddyWithPrefix#.json,0,104,266,266,15,True,False,162.0,162.0,True,False,162.0,162.0,True,False,89.0,-89.0
hazelcast__hazelcast#com.hazelcast.query.impl.bitmap.SparseBitSetAddBenchmark.sequentialAdd_Roaring#.json_0,hazelcast__hazelcast#com.hazelcast.query.impl.bitmap.SparseBitSetAddBenchmark.sequentialAdd_Roaring#.json,0,132,1,978,15,True,False,131.0,-131.0,True,False,846.0,846.0,True,False,117.0,-117.0
protostuff__protostuff#io.protostuff.benchmarks.StringSerializerBenchmark.bufferedRecycledSerializer#stringLength=1000.json_0,protostuff__protostuff#io.protostuff.benchmarks.StringSerializerBenchmark.bufferedRecycledSerializer#stringLength=1000.json,0,142,134,2490,0,True,False,8.0,-8.0,True,False,2348.0,2348.0,True,False,142.0,-142.0
netty__netty#io.netty.microbench.buffer.ByteBufCopyBenchmark.setBytes#alignedCopyByteBuf=true&alignedCopyByteBuffer=true&directByteBuff=true&directByteBuffer=true&nativeOrderByteBuffer=false&pooledByteBuf=true&readonlyByteBuffer=true&size=7.json_0,netty__netty#io.netty.microbench.buffer.ByteBufCopyBenchmark.setBytes#alignedCopyByteBuf=true&alignedCopyByteBuffer=true&directByteBuff=true&directByteBuffer=true&nativeOrderByteBuffer=false&pooledByteBuf=true&readonlyByteBuffer=true&size=7.json,0,590,0,1,15,True,False,590.0,-590.0,True,False,589.0,-589.0,True,False,575.0,-575.0
raphw__byte-buddy#net.bytebuddy.benchmark.ClassByExtensionBenchmark.benchmarkByteBuddyWithAccessor#.json_0,raphw__byte-buddy#net.bytebuddy.benchmark.ClassByExtensionBenchmark.benchmarkByteBuddyWithAccessor#.json,0,331,11,4,15,True,False,320.0,-320.0,True,False,327.0,-327.0,True,False,316.0,-316.0
ReactiveX__RxJava#io.reactivex.rxjava3.core.FlattenRangePerf.observable#times=1000.json_0,ReactiveX__RxJava#io.reactivex.rxjava3.core.FlattenRangePerf.observable#times=1000.json,0,2538,0,2381,2500,True,False,2538.0,-2538.0,True,False,157.0,-157.0,True,False,38.0,-38.0
protostuff__protostuff#io.protostuff.benchmarks.StringSerializerBenchmark.bufferedRecycledSerializer#stringLength=1.json_0,protostuff__protostuff#io.protostuff.benchmarks.StringSerializerBenchmark.bufferedRecycledSerializer#stringLength=1.json,0,205,0,199,15,True,False,205.0,-205.0,True,False,6.0,-6.0,True,False,190.0,-190.0
raphw__byte-buddy#net.bytebuddy.benchmark.TrivialClassCreationBenchmark.benchmarkJdkProxy#.json_0,raphw__byte-buddy#net.bytebuddy.benchmark.TrivialClassCreationBenchmark.benchmarkJdkProxy#.json,0,238,1989,-1,97,True,False,1751.0,1751.0,False,True,,,True,False,141.0,-141.0
apache__tinkerpop#org.apache.tinkerpop.gremlin.process.TraversalConstructionBenchmark.testAddVWithPropsChained#.json_0,apache__tinkerpop#org.apache.tinkerpop.gremlin.process.TraversalConstructionBenchmark.testAddVWithPropsChained#.json,0,735,0,1675,57,True,False,735.0,-735.0,True,False,940.0,940.0,True,False,678.0,-678.0
prestodb__presto#com.facebook.presto.operator.BenchmarkBlockFlattener.benchmarkWithFlatten#blockSize=10000&nestedLevel=1&numberOfIterations=10&reuseArrays=true.json_0,prestodb__presto#com.facebook.presto.operator.BenchmarkBlockFlattener.benchmarkWithFlatten#blockSize=10000&nestedLevel=1&numberOfIterations=10&reuseArrays=true.json,0,57,24,24,-1,True,False,33.0,-33.0,True,False,33.0,-33.0,False,True,,
cantaloupe-project__cantaloupe#edu.illinois.library.cantaloupe.perf.processor.codec.GIFImageReaderPerformance.testGetNumImages#.json_0,cantaloupe-project__cantaloupe#edu.illinois.library.cantaloupe.perf.processor.codec.GIFImageReaderPerformance.testGetNumImages#.json,0,274,0,271,0,True,False,274.0,-274.0,True,False,3.0,-3.0,True,False,274.0,-274.0
jgrapht__jgrapht#org.jgrapht.perf.connectivity.TreeDynamicConnectivityPerformanceTest.testTreeDynamicConnectivity#treeSize=1000.json_0,jgrapht__jgrapht#org.jgrapht.perf.connectivity.TreeDynamicConnectivityPerformanceTest.testTreeDynamicConnectivity#treeSize=1000.json,0,516,0,51,29,True,False,516.0,-516.0,True,False,465.0,-465.0,True,False,487.0,-487.0
HdrHistogram__HdrHistogram#bench.HdrHistogramEncodingBench.encodeIntoCompressedByteBuffer#latencySeriesName=case1&numberOfSignificantValueDigits=2.json_0,HdrHistogram__HdrHistogram#bench.HdrHistogramEncodingBench.encodeIntoCompressedByteBuffer#latencySeriesName=case1&numberOfSignificantValueDigits=2.json,0,9,0,0,15,True,False,9.0,-9.0,True,False,9.0,-9.0,True,False,6.0,6.0
imglib__imglib2#net.imglib2.loops.SyncedPositionablesBenchmark.benchmark3#.json_0,imglib__imglib2#net.imglib2.loops.SyncedPositionablesBenchmark.benchmark3#.json,0,405,401,401,0,True,False,4.0,-4.0,True,False,4.0,-4.0,True,False,405.0,-405.0
prestodb__presto#com.facebook.presto.operator.BenchmarkWindowOperator.benchmark#numberOfPregroupedColumns=2&partitionsPerGroup=100&rowsPerPartition=10.json_0,prestodb__presto#com.facebook.presto.operator.BenchmarkWindowOperator.benchmark#numberOfPregroupedColumns=2&partitionsPerGroup=100&rowsPerPartition=10.json,0,362,108,108,67,True,False,254.0,-254.0,True,False,254.0,-254.0,True,False,295.0,-295.0
eclipse__jetty.project#org.eclipse.jetty.http.jmh.HttpMethodBenchmark.testMapGet#.json_0,eclipse__jetty.project#org.eclipse.jetty.http.jmh.HttpMethodBenchmark.testMapGet#.json,0,365,160,0,88,True,False,205.0,-205.0,True,False,365.0,-365.0,True,False,277.0,-277.0
zalando__logbook#org.zalando.logbook.HeaderBenchmark.replace2xRequest#.json_0,zalando__logbook#org.zalando.logbook.HeaderBenchmark.replace2xRequest#.json,0,392,172,71,72,True,False,220.0,-220.0,True,False,321.0,-321.0,True,False,320.0,-320.0
raphw__byte-buddy#net.bytebuddy.benchmark.TrivialClassCreationBenchmark.benchmarkCglib#.json_0,raphw__byte-buddy#net.bytebuddy.benchmark.TrivialClassCreationBenchmark.benchmarkCglib#.json,0,221,537,1110,0,True,False,316.0,316.0,True,False,889.0,889.0,True,False,221.0,-221.0
netty__netty#io.netty.buffer.AbstractByteBufGetCharSequenceBenchmark.getCharSequence#bufferType=COMPOSITE&charsetName=US-ASCII&size=8.json_0,netty__netty#io.netty.buffer.AbstractByteBufGetCharSequenceBenchmark.getCharSequence#bufferType=COMPOSITE&charsetName=US-ASCII&size=8.json,0,466,0,1,15,True,False,466.0,-466.0,True,False,465.0,-465.0,True,False,451.0,-451.0
h2oai__h2o-3#water.util.IcedHashMapBench.writeMap#arrayType=PrimitiveArray&array_values_length=10000&keyType=String&n_entries=10&valueType=Boolean.json_0,h2oai__h2o-3#water.util.IcedHashMapBench.writeMap#arrayType=PrimitiveArray&array_values_length=10000&keyType=String&n_entries=10&valueType=Boolean.json,0,33,2,72,2015,True,False,31.0,-31.0,True,False,39.0,39.0,True,False,1982.0,1982.0
hazelcast__hazelcast#com.hazelcast.query.impl.bitmap.BitmapIndexQueriesBenchmark.hashQueriesAnd#.json_0,hazelcast__hazelcast#com.hazelcast.query.impl.bitmap.BitmapIndexQueriesBenchmark.hashQueriesAnd#.json,0,690,45,45,15,True,False,645.0,-645.0,True,False,645.0,-645.0,True,False,675.0,-675.0
JCTools__JCTools#org.jctools.jmh.latency.spsc.MpqRelaxedBurstCost.burstCost#burstSize=100&qType=SpscArrayQueue.json_0,JCTools__JCTools#org.jctools.jmh.latency.spsc.MpqRelaxedBurstCost.burstCost#burstSize=100&qType=SpscArrayQueue.json,0,2653,-1,-1,2650,False,True,,,False,True,,,True,False,3.0,-3.0
ReactiveX__RxJava#io.reactivex.rxjava3.xmapz.FlowableFlatMapMaybeEmptyPerf.flowableConvert#count=10000.json_0,ReactiveX__RxJava#io.reactivex.rxjava3.xmapz.FlowableFlatMapMaybeEmptyPerf.flowableConvert#count=10000.json,0,927,281,151,153,True,False,646.0,-646.0,True,False,776.0,-776.0,True,False,774.0,-774.0
apache__kafka#org.apache.kafka.jmh.record.RecordBatchIterationBenchmark.measureSkipIteratorForVariableBatchSize#bufferSupplierStr=CREATE&bytes=RANDOM&compressionType=NONE&maxBatchSize=50&messageSize=100000&messageVersion=1.json_0,apache__kafka#org.apache.kafka.jmh.record.RecordBatchIterationBenchmark.measureSkipIteratorForVariableBatchSize#bufferSupplierStr=CREATE&bytes=RANDOM&compressionType=NONE&maxBatchSize=50&messageSize=100000&messageVersion=1.json,0,298,64,2202,0,True,False,234.0,-234.0,True,False,1904.0,1904.0,True,False,298.0,-298.0
eclipse__rdf4j#org.eclipse.rdf4j.benchmark.QueryOrderBenchmark.selectAll#countk=50&limit=10000&syncThreshold=0.json_0,eclipse__rdf4j#org.eclipse.rdf4j.benchmark.QueryOrderBenchmark.selectAll#countk=50&limit=10000&syncThreshold=0.json,0,927,2,2,15,True,False,925.0,-925.0,True,False,925.0,-925.0,True,False,912.0,-912.0
apache__logging-log4j2#org.apache.logging.log4j.perf.jmh.PatternLayoutBenchmark.serializableMCD#.json_0,apache__logging-log4j2#org.apache.logging.log4j.perf.jmh.PatternLayoutBenchmark.serializableMCD#.json,0,181,0,0,35,True,False,181.0,-181.0,True,False,181.0,-181.0,True,False,146.0,-146.0
netty__netty#io.netty.microbenchmark.common.AppendableCharSequenceBenchmark.appendCheckBeforeCopy#charsInitSize=64&simulatedDataSize=10000.json_0,netty__netty#io.netty.microbenchmark.common.AppendableCharSequenceBenchmark.appendCheckBeforeCopy#charsInitSize=64&simulatedDataSize=10000.json,0,214,267,-1,0,True,False,53.0,53.0,False,True,,,True,False,214.0,-214.0
zalando__logbook#org.zalando.logbook.HeaderBenchmark.replace1xResponse#.json_0,zalando__logbook#org.zalando.logbook.HeaderBenchmark.replace1xResponse#.json,0,197,185,103,53,True,False,12.0,-12.0,True,False,94.0,-94.0,True,False,144.0,-144.0
apache__camel#org.apache.camel.itest.jmh.CaseInsensitiveMapTest.hashMapComplexCase#.json_0,apache__camel#org.apache.camel.itest.jmh.CaseInsensitiveMapTest.hashMapComplexCase#.json,0,345,0,326,276,True,False,345.0,-345.0,True,False,19.0,-19.0,True,False,69.0,-69.0
protostuff__protostuff#io.protostuff.benchmarks.RuntimeSchemaBenchmark.runtime_serialize_1_int_field#.json_0,protostuff__protostuff#io.protostuff.benchmarks.RuntimeSchemaBenchmark.runtime_serialize_1_int_field#.json,0,184,0,0,15,True,False,184.0,-184.0,True,False,184.0,-184.0,True,False,169.0,-169.0
netty__netty#io.netty.microbench.buffer.ByteBufCopyBenchmark.setBytes#alignedCopyByteBuf=true&alignedCopyByteBuffer=true&directByteBuff=true&directByteBuffer=false&nativeOrderByteBuffer=true&pooledByteBuf=true&readonlyByteBuffer=false&size=7.json_0,netty__netty#io.netty.microbench.buffer.ByteBufCopyBenchmark.setBytes#alignedCopyByteBuf=true&alignedCopyByteBuffer=true&directByteBuff=true&directByteBuffer=false&nativeOrderByteBuffer=true&pooledByteBuf=true&readonlyByteBuffer=false&size=7.json,0,273,0,0,15,True,False,273.0,-273.0,True,False,273.0,-273.0,True,False,258.0,-258.0
zalando__logbook#org.zalando.logbook.json.JsonMediaTypeBenchmark.contentType3#.json_0,zalando__logbook#org.zalando.logbook.json.JsonMediaTypeBenchmark.contentType3#.json,0,111,0,1,15,True,False,111.0,-111.0,True,False,110.0,-110.0,True,False,96.0,-96.0
raphw__byte-buddy#net.bytebuddy.benchmark.ClassByExtensionBenchmark.benchmarkByteBuddyWithProxyAndReusedDelegator#.json_0,raphw__byte-buddy#net.bytebuddy.benchmark.ClassByExtensionBenchmark.benchmarkByteBuddyWithProxyAndReusedDelegator#.json,0,122,15,282,260,True,False,107.0,-107.0,True,False,160.0,160.0,True,False,138.0,138.0
r2dbc__r2dbc-h2#io.r2dbc.h2.StagedResultSizeBenchmarks.simpleJdbc#resultSize=1.json_0,r2dbc__r2dbc-h2#io.r2dbc.h2.StagedResultSizeBenchmarks.simpleJdbc#resultSize=1.json,0,387,260,627,372,True,False,127.0,-127.0,True,False,240.0,240.0,True,False,15.0,-15.0
apache__arrow#org.apache.arrow.adapter.jdbc.JdbcAdapterBenchmarks.testJdbcToArrow#.json_0,apache__arrow#org.apache.arrow.adapter.jdbc.JdbcAdapterBenchmarks.testJdbcToArrow#.json,0,16,6,6,15,True,False,10.0,-10.0,True,False,10.0,-10.0,True,False,1.0,-1.0
r2dbc__r2dbc-h2#io.r2dbc.h2.StagedResultSizeBenchmarks.parametrizedR2dbc#resultSize=1.json_0,r2dbc__r2dbc-h2#io.r2dbc.h2.StagedResultSizeBenchmarks.parametrizedR2dbc#resultSize=1.json,0,21,14,158,15,True,False,7.0,-7.0,True,False,137.0,137.0,True,False,6.0,-6.0
prometheus__client_java#io.prometheus.benchmark.CounterBenchmark.prometheusSimpleCounterChildIncBenchmark#.json_0,prometheus__client_java#io.prometheus.benchmark.CounterBenchmark.prometheusSimpleCounterChildIncBenchmark#.json,0,387,0,1,0,True,False,387.0,-387.0,True,False,386.0,-386.0,True,False,387.0,-387.0
prestodb__presto#com.facebook.presto.operator.repartition.BenchmarkPartitionedOutputOperator.optimizedAddPage#channelCount=1&enableCompression=true&hasNull=true&type=LONG_DECIMAL.json_0,prestodb__presto#com.facebook.presto.operator.repartition.BenchmarkPartitionedOutputOperator.optimizedAddPage#channelCount=1&enableCompression=true&hasNull=true&type=LONG_DECIMAL.json,0,471,5,5,105,True,False,466.0,-466.0,True,False,466.0,-466.0,True,False,366.0,-366.0
cantaloupe-project__cantaloupe#edu.illinois.library.cantaloupe.perf.processor.codec.JPEGImageReaderPerformance.testGetNumImages#.json_0,cantaloupe-project__cantaloupe#edu.illinois.library.cantaloupe.perf.processor.codec.JPEGImageReaderPerformance.testGetNumImages#.json,0,42,0,0,15,True,False,42.0,-42.0,True,False,42.0,-42.0,True,False,27.0,-27.0
eclipse-vertx__vert.x#io.vertx.benchmarks.JsonDecodeBenchmark.smallBufferJackson#.json_0,eclipse-vertx__vert.x#io.vertx.benchmarks.JsonDecodeBenchmark.smallBufferJackson#.json,0,205,146,1271,15,True,False,59.0,-59.0,True,False,1066.0,1066.0,True,False,190.0,-190.0
apache__logging-log4j2#org.apache.logging.log4j.perf.jmh.FormatterLoggerBenchmark.throughputParameterizedDouble#.json_0,apache__logging-log4j2#org.apache.logging.log4j.perf.jmh.FormatterLoggerBenchmark.throughputParameterizedDouble#.json,0,181,2,2,15,True,False,179.0,-179.0,True,False,179.0,-179.0,True,False,166.0,-166.0
eclipse-vertx__vert.x#io.vertx.benchmarks.HttpServerHandlerBenchmark.netty#.json_0,eclipse-vertx__vert.x#io.vertx.benchmarks.HttpServerHandlerBenchmark.netty#.json,0,618,3,1331,15,True,False,615.0,-615.0,True,False,713.0,713.0,True,False,603.0,-603.0
prometheus__client_java#io.prometheus.benchmark.GaugeBenchmark.prometheusSimpleGaugeChildSetBenchmark#.json_0,prometheus__client_java#io.prometheus.benchmark.GaugeBenchmark.prometheusSimpleGaugeChildSetBenchmark#.json,0,2690,0,-1,15,True,False,2690.0,-2690.0,False,True,,,True,False,2675.0,-2675.0
prometheus__client_java#io.prometheus.benchmark.GaugeBenchmark.prometheusGaugeChildIncBenchmark#.json_0,prometheus__client_java#io.prometheus.benchmark.GaugeBenchmark.prometheusGaugeChildIncBenchmark#.json,0,506,1,1,15,True,False,505.0,-505.0,True,False,505.0,-505.0,True,False,491.0,-491.0
apache__logging-log4j2#org.apache.logging.log4j.perf.jmh.ThreadsafeDateFormatBenchmark.fastDateFormat#.json_0,apache__logging-log4j2#org.apache.logging.log4j.perf.jmh.ThreadsafeDateFormatBenchmark.fastDateFormat#.json,0,665,0,-1,15,True,False,665.0,-665.0,False,True,,,True,False,650.0,-650.0
protostuff__protostuff#io.protostuff.benchmarks.RuntimeSchemaBenchmark.generated_serialize_10_int_field#.json_0,protostuff__protostuff#io.protostuff.benchmarks.RuntimeSchemaBenchmark.generated_serialize_10_int_field#.json,0,219,0,0,15,True,False,219.0,-219.0,True,False,219.0,-219.0,True,False,204.0,-204.0
eclipse-vertx__vert.x#io.vertx.benchmarks.JsonEncodeBenchmark.wideBufferDatabind#.json_0,eclipse-vertx__vert.x#io.vertx.benchmarks.JsonEncodeBenchmark.wideBufferDatabind#.json,0,1430,39,1,0,True,False,1391.0,-1391.0,True,False,1429.0,-1429.0,True,False,1430.0,-1430.0
protostuff__protostuff#io.protostuff.benchmarks.RuntimeSchemaBenchmark.runtime_sparse_serialize_1_int_field#.json_0,protostuff__protostuff#io.protostuff.benchmarks.RuntimeSchemaBenchmark.runtime_sparse_serialize_1_int_field#.json,0,479,0,1,15,True,False,479.0,-479.0,True,False,478.0,-478.0,True,False,464.0,-464.0
RoaringBitmap__RoaringBitmap#org.roaringbitmap.iteration.BatchIteratorBenchmark.iterate#bufferSize=512&dirtiness=0.1&keys=4096&runniness=0.5.json_0,RoaringBitmap__RoaringBitmap#org.roaringbitmap.iteration.BatchIteratorBenchmark.iterate#bufferSize=512&dirtiness=0.1&keys=4096&runniness=0.5.json,0,493,0,0,513,True,False,493.0,-493.0,True,False,493.0,-493.0,True,False,20.0,20.0
HdrHistogram__HdrHistogram#bench.HdrHistogramEncodingBench.roundtripCompressed#latencySeriesName=sparsed1&numberOfSignificantValueDigits=3.json_0,HdrHistogram__HdrHistogram#bench.HdrHistogramEncodingBench.roundtripCompressed#latencySeriesName=sparsed1&numberOfSignificantValueDigits=3.json,0,300,-1,-1,421,False,True,,,False,True,,,True,False,121.0,121.0
cantaloupe-project__cantaloupe#edu.illinois.library.cantaloupe.perf.processor.Java2dProcessorPerformance.processWithPNG#.json_0,cantaloupe-project__cantaloupe#edu.illinois.library.cantaloupe.perf.processor.Java2dProcessorPerformance.processWithPNG#.json,0,57,23,23,161,True,False,34.0,-34.0,True,False,34.0,-34.0,True,False,104.0,104.0
cantaloupe-project__cantaloupe#edu.illinois.library.cantaloupe.perf.processor.PdfBoxProcessorPerformance.process#.json_0,cantaloupe-project__cantaloupe#edu.illinois.library.cantaloupe.perf.processor.PdfBoxProcessorPerformance.process#.json,0,275,10,10,317,True,False,265.0,-265.0,True,False,265.0,-265.0,True,False,42.0,42.0
apache__hive#org.apache.hive.benchmark.vectorization.operators.VectorGroupByOperatorBench.testAggCount#aggregation=var_pop&dataType=double&evalMode=COMPLETE&hasNulls=false&isRepeating=false&processMode=GLOBAL.json_0,apache__hive#org.apache.hive.benchmark.vectorization.operators.VectorGroupByOperatorBench.testAggCount#aggregation=var_pop&dataType=double&evalMode=COMPLETE&hasNulls=false&isRepeating=false&processMode=GLOBAL.json,0,645,0,0,15,True,False,645.0,-645.0,True,False,645.0,-645.0,True,False,630.0,-630.0
r2dbc__r2dbc-h2#io.r2dbc.h2.StagedResultSizeBenchmarks.simpleR2dbc#resultSize=200.json_0,r2dbc__r2dbc-h2#io.r2dbc.h2.StagedResultSizeBenchmarks.simpleR2dbc#resultSize=200.json,0,12,8,351,7,True,False,4.0,-4.0,True,False,339.0,339.0,True,False,5.0,-5.0
HdrHistogram__HdrHistogram#bench.HdrHistogramEncodingBench.roundtripCompressed#latencySeriesName=sumOfjHiccupLines&numberOfSignificantValueDigits=3.json_0,HdrHistogram__HdrHistogram#bench.HdrHistogramEncodingBench.roundtripCompressed#latencySeriesName=sumOfjHiccupLines&numberOfSignificantValueDigits=3.json,0,193,179,-1,82,True,False,14.0,-14.0,False,True,,,True,False,111.0,-111.0
apache__kafka#org.apache.kafka.jmh.record.RecordBatchIterationBenchmark.measureIteratorForBatchWithSingleMessage#bufferSupplierStr=CREATE&bytes=RANDOM&compressionType=LZ4&maxBatchSize=500&messageSize=100&messageVersion=1.json_0,apache__kafka#org.apache.kafka.jmh.record.RecordBatchIterationBenchmark.measureIteratorForBatchWithSingleMessage#bufferSupplierStr=CREATE&bytes=RANDOM&compressionType=LZ4&maxBatchSize=500&messageSize=100&messageVersion=1.json,0,472,68,68,15,True,False,404.0,-404.0,True,False,404.0,-404.0,True,False,457.0,-457.0
eclipse-vertx__vert.x#io.vertx.benchmarks.JsonEncodeBenchmark.smallBufferDatabind#.json_0,eclipse-vertx__vert.x#io.vertx.benchmarks.JsonEncodeBenchmark.smallBufferDatabind#.json,0,212,0,97,15,True,False,212.0,-212.0,True,False,115.0,-115.0,True,False,197.0,-197.0
openzipkin__zipkin#zipkin2.SpanBenchmarks.padLeft_17Chars#.json_0,openzipkin__zipkin#zipkin2.SpanBenchmarks.padLeft_17Chars#.json,0,885,-1,-1,44,False,True,,,False,True,,,True,False,841.0,-841.0
eclipse__rdf4j#org.eclipse.rdf4j.benchmark.QueryOrderBenchmark.selectAll#countk=10&limit=10000&syncThreshold=0.json_0,eclipse__rdf4j#org.eclipse.rdf4j.benchmark.QueryOrderBenchmark.selectAll#countk=10&limit=10000&syncThreshold=0.json,0,322,8,8,15,True,False,314.0,-314.0,True,False,314.0,-314.0,True,False,307.0,-307.0
apache__arrow#org.apache.arrow.vector.ipc.WriteChannelBenchmark.alignBenchmark#alignSize=1.json_0,apache__arrow#org.apache.arrow.vector.ipc.WriteChannelBenchmark.alignBenchmark#alignSize=1.json,0,39,2,404,15,True,False,37.0,-37.0,True,False,365.0,365.0,True,False,24.0,-24.0
r2dbc__r2dbc-h2#io.r2dbc.h2.StagedResultSizeBenchmarks.preparedJdbc#resultSize=200.json_0,r2dbc__r2dbc-h2#io.r2dbc.h2.StagedResultSizeBenchmarks.preparedJdbc#resultSize=200.json,0,141,0,2,15,True,False,141.0,-141.0,True,False,139.0,-139.0,True,False,126.0,-126.0
cantaloupe-project__cantaloupe#edu.illinois.library.cantaloupe.perf.processor.codec.PNGImageWriterPerformance.testWriteWithBufferedImageAndNativeMetadata#.json_0,cantaloupe-project__cantaloupe#edu.illinois.library.cantaloupe.perf.processor.codec.PNGImageWriterPerformance.testWriteWithBufferedImageAndNativeMetadata#.json,0,696,54,7,15,True,False,642.0,-642.0,True,False,689.0,-689.0,True,False,681.0,-681.0
imglib__imglib2#net.imglib2.parallel.ParallelizationBenchmark.multiThreaded#.json_0,imglib__imglib2#net.imglib2.parallel.ParallelizationBenchmark.multiThreaded#.json,0,162,25,25,15,True,False,137.0,-137.0,True,False,137.0,-137.0,True,False,147.0,-147.0
crate__crate#io.crate.execution.engine.reader.CsvReaderBenchmark.measureFileReadingIteratorForCSV#.json_0,crate__crate#io.crate.execution.engine.reader.CsvReaderBenchmark.measureFileReadingIteratorForCSV#.json,0,7,7,212,15,True,False,0.0,0.0,True,False,205.0,205.0,True,False,8.0,8.0
apache__tinkerpop#org.apache.tinkerpop.gremlin.driver.GraphSONMapperBenchmark.readBytecode2#.json_0,apache__tinkerpop#org.apache.tinkerpop.gremlin.driver.GraphSONMapperBenchmark.readBytecode2#.json,0,712,92,363,15,True,False,620.0,-620.0,True,False,349.0,-349.0,True,False,697.0,-697.0
openzipkin__zipkin#zipkin2.elasticsearch.internal.BulkRequestBenchmarks.writeRequest_singleSpan#.json_0,openzipkin__zipkin#zipkin2.elasticsearch.internal.BulkRequestBenchmarks.writeRequest_singleSpan#.json,0,11,1,1,15,True,False,10.0,-10.0,True,False,10.0,-10.0,True,False,4.0,4.0
eclipse__jetty.project#org.eclipse.jetty.util.StringReplaceBenchmark.testJettyStringUtilReplaceSame#matches=3&size=100.json_0,eclipse__jetty.project#org.eclipse.jetty.util.StringReplaceBenchmark.testJettyStringUtilReplaceSame#matches=3&size=100.json,0,456,277,198,15,True,False,179.0,-179.0,True,False,258.0,-258.0,True,False,441.0,-441.0
r2dbc__r2dbc-h2#io.r2dbc.h2.StatementBenchmarks.simpleR2dbc#.json_0,r2dbc__r2dbc-h2#io.r2dbc.h2.StatementBenchmarks.simpleR2dbc#.json,0,17,16,203,13,True,False,1.0,-1.0,True,False,186.0,186.0,True,False,4.0,-4.0
apache__camel#org.apache.camel.converter.ConverterBenchmarkTest.benchmarkConversionIntToLong#.json_0,apache__camel#org.apache.camel.converter.ConverterBenchmarkTest.benchmarkConversionIntToLong#.json,0,280,0,0,15,True,False,280.0,-280.0,True,False,280.0,-280.0,True,False,265.0,-265.0
apache__arrow#org.apache.arrow.vector.VariableWidthVectorBenchmarks.setSafeFromArray#.json_0,apache__arrow#org.apache.arrow.vector.VariableWidthVectorBenchmarks.setSafeFromArray#.json,0,518,0,0,482,True,False,518.0,-518.0,True,False,518.0,-518.0,True,False,36.0,-36.0
ReactiveX__RxJava#io.reactivex.rxjava3.xmapz.FlowableConcatMapMaybeEmptyPerf.flowableDedicated#count=1000.json_0,ReactiveX__RxJava#io.reactivex.rxjava3.xmapz.FlowableConcatMapMaybeEmptyPerf.flowableDedicated#count=1000.json,0,2264,0,0,15,True,False,2264.0,-2264.0,True,False,2264.0,-2264.0,True,False,2249.0,-2249.0
protostuff__protostuff#io.protostuff.benchmarks.RuntimeSchemaBenchmark.runtime_sparse_deserialize_10_int_field#.json_0,protostuff__protostuff#io.protostuff.benchmarks.RuntimeSchemaBenchmark.runtime_sparse_deserialize_10_int_field#.json,0,1424,639,1421,121,True,False,785.0,-785.0,True,False,3.0,-3.0,True,False,1303.0,-1303.0
eclipse__jetty.project#org.eclipse.jetty.util.StringReplaceBenchmark.testJettyStringUtilReplaceGrowth#matches=0&size=1000.json_0,eclipse__jetty.project#org.eclipse.jetty.util.StringReplaceBenchmark.testJettyStringUtilReplaceGrowth#matches=0&size=1000.json,0,555,0,0,1003,True,False,555.0,-555.0,True,False,555.0,-555.0,True,False,448.0,448.0
eclipse-vertx__vert.x#io.vertx.benchmarks.HeadersContainsBenchmark.nettySmallExactMiss#.json_0,eclipse-vertx__vert.x#io.vertx.benchmarks.HeadersContainsBenchmark.nettySmallExactMiss#.json,0,522,0,0,15,True,False,522.0,-522.0,True,False,522.0,-522.0,True,False,507.0,-507.0
imglib__imglib2#net.imglib2.parallel.ParallelizationBenchmark.fixedThreadPool#.json_0,imglib__imglib2#net.imglib2.parallel.ParallelizationBenchmark.fixedThreadPool#.json,0,67,13,13,15,True,False,54.0,-54.0,True,False,54.0,-54.0,True,False,52.0,-52.0
openzipkin__zipkin#zipkin2.internal.WriteBufferBenchmarks.varIntSizeInBytes_32#.json_0,openzipkin__zipkin#zipkin2.internal.WriteBufferBenchmarks.varIntSizeInBytes_32#.json,0,420,0,0,1814,True,False,420.0,-420.0,True,False,420.0,-420.0,True,False,1394.0,1394.0
eclipse-vertx__vert.x#io.vertx.benchmarks.HeadersContainsBenchmark.vertxSmallMatch#.json_0,eclipse-vertx__vert.x#io.vertx.benchmarks.HeadersContainsBenchmark.vertxSmallMatch#.json,0,501,1,1,15,True,False,500.0,-500.0,True,False,500.0,-500.0,True,False,486.0,-486.0
apache__arrow#org.apache.arrow.vector.BitVectorHelperBenchmarks.allBitsNullBenchmark#.json_0,apache__arrow#org.apache.arrow.vector.BitVectorHelperBenchmarks.allBitsNullBenchmark#.json,0,513,1,1,0,True,False,512.0,-512.0,True,False,512.0,-512.0,True,False,513.0,-513.0
imglib__imglib2#net.imglib2.loops.SyncedPositionablesBenchmark.benchmark6#.json_0,imglib__imglib2#net.imglib2.loops.SyncedPositionablesBenchmark.benchmark6#.json,0,647,641,641,15,True,False,6.0,-6.0,True,False,6.0,-6.0,True,False,632.0,-632.0
apache__logging-log4j2#org.apache.logging.log4j.layout.template.json.JsonTemplateLayoutBenchmark.liteJsonTemplateLayout4JsonLayout#.json_0,apache__logging-log4j2#org.apache.logging.log4j.layout.template.json.JsonTemplateLayoutBenchmark.liteJsonTemplateLayout4JsonLayout#.json,0,38,0,0,515,True,False,38.0,-38.0,True,False,38.0,-38.0,True,False,477.0,477.0
prestodb__presto#com.facebook.presto.operator.scalar.StringFunctionsBenchmark.benchmarkSubstringStartLengthFromEnd#ascii=false&length=10.json_0,prestodb__presto#com.facebook.presto.operator.scalar.StringFunctionsBenchmark.benchmarkSubstringStartLengthFromEnd#ascii=false&length=10.json,0,7,178,185,15,True,False,171.0,171.0,True,False,178.0,178.0,True,False,8.0,8.0
apache__logging-log4j2#org.apache.logging.log4j.perf.jmh.AsyncAppenderLog4j2Benchmark.throughput5Params#configFileName=perf5AsyncApndMpscQNoLoc-noOpAppender.xml.json_0,apache__logging-log4j2#org.apache.logging.log4j.perf.jmh.AsyncAppenderLog4j2Benchmark.throughput5Params#configFileName=perf5AsyncApndMpscQNoLoc-noOpAppender.xml.json,0,184,18,2,15,True,False,166.0,-166.0,True,False,182.0,-182.0,True,False,169.0,-169.0
eclipse-vertx__vert.x#io.vertx.benchmarks.HttpServerHandlerBenchmark.vertxOpt#.json_0,eclipse-vertx__vert.x#io.vertx.benchmarks.HttpServerHandlerBenchmark.vertxOpt#.json,0,34,38,4,15,True,False,4.0,4.0,True,False,30.0,-30.0,True,False,19.0,-19.0
openzipkin__zipkin#zipkin2.codec.CodecBenchmarks.writeChineseSpan_THRIFT#.json_0,openzipkin__zipkin#zipkin2.codec.CodecBenchmarks.writeChineseSpan_THRIFT#.json,0,2047,264,295,465,True,False,1783.0,-1783.0,True,False,1752.0,-1752.0,True,False,1582.0,-1582.0
HdrHistogram__HdrHistogram#bench.HdrHistogramEncodingBench.roundtripCompressed#latencySeriesName=cubic&numberOfSignificantValueDigits=2.json_0,HdrHistogram__HdrHistogram#bench.HdrHistogramEncodingBench.roundtripCompressed#latencySeriesName=cubic&numberOfSignificantValueDigits=2.json,0,254,0,0,57,True,False,254.0,-254.0,True,False,254.0,-254.0,True,False,197.0,-197.0
prestodb__presto#com.facebook.presto.operator.scalar.StringFunctionsBenchmark.benchmarkSubstringStart#ascii=true&length=10.json_0,prestodb__presto#com.facebook.presto.operator.scalar.StringFunctionsBenchmark.benchmarkSubstringStart#ascii=true&length=10.json,0,9,2,2,15,True,False,7.0,-7.0,True,False,7.0,-7.0,True,False,6.0,6.0
h2oai__h2o-3#water.util.IcedHashMapBench.writeMap#arrayType=Array&array_values_length=100&keyType=String&n_entries=1000&valueType=String.json_0,h2oai__h2o-3#water.util.IcedHashMapBench.writeMap#arrayType=Array&array_values_length=100&keyType=String&n_entries=1000&valueType=String.json,0,428,158,158,15,True,False,270.0,-270.0,True,False,270.0,-270.0,True,False,413.0,-413.0
crate__crate#io.crate.execution.engine.distribution.merge.SortedPagingIteratorBenchmark.measurePagingIteratorWithoutRepeat#.json_0,crate__crate#io.crate.execution.engine.distribution.merge.SortedPagingIteratorBenchmark.measurePagingIteratorWithoutRepeat#.json,0,2358,0,0,2,True,False,2358.0,-2358.0,True,False,2358.0,-2358.0,True,False,2356.0,-2356.0
crate__crate#io.crate.execution.engine.aggregation.GroupingLongCollectorBenchmark.measureGroupingOnNumericDocValues#.json_0,crate__crate#io.crate.execution.engine.aggregation.GroupingLongCollectorBenchmark.measureGroupingOnNumericDocValues#.json,0,107,0,0,0,True,False,107.0,-107.0,True,False,107.0,-107.0,True,False,107.0,-107.0
h2oai__h2o-3#water.ChunkBench.colsRowsReadWithFinalChunk#cols=1000&rows=100000.json_0,h2oai__h2o-3#water.ChunkBench.colsRowsReadWithFinalChunk#cols=1000&rows=100000.json,0,380,0,0,2066,True,False,380.0,-380.0,True,False,380.0,-380.0,True,False,1686.0,1686.0
jgrapht__jgrapht#org.jgrapht.perf.shortestpath.DeltaSteppingShortestPathPerformance.testDeltaSteppingComplete#numOfVertices=2000.json_0,jgrapht__jgrapht#org.jgrapht.perf.shortestpath.DeltaSteppingShortestPathPerformance.testDeltaSteppingComplete#numOfVertices=2000.json,0,273,0,0,15,True,False,273.0,-273.0,True,False,273.0,-273.0,True,False,258.0,-258.0
apache__logging-log4j2#org.apache.logging.log4j.perf.jmh.ClocksBenchmark.oldCachedClock#.json_0,apache__logging-log4j2#org.apache.logging.log4j.perf.jmh.ClocksBenchmark.oldCachedClock#.json,0,392,25,-1,15,True,False,367.0,-367.0,False,True,,,True,False,377.0,-377.0
protostuff__protostuff#io.protostuff.benchmarks.StringSerializerBenchmark.bufferedRecycledSerializer#stringLength=10.json_0,protostuff__protostuff#io.protostuff.benchmarks.StringSerializerBenchmark.bufferedRecycledSerializer#stringLength=10.json,0,149,137,137,15,True,False,12.0,-12.0,True,False,12.0,-12.0,True,False,134.0,-134.0
h2oai__h2o-3#water.util.IcedHashMapBench.writeMap#arrayType=Array&array_values_length=10000&keyType=String&n_entries=10&valueType=String.json_0,h2oai__h2o-3#water.util.IcedHashMapBench.writeMap#arrayType=Array&array_values_length=10000&keyType=String&n_entries=10&valueType=String.json,0,208,193,212,15,True,False,15.0,-15.0,True,False,4.0,4.0,True,False,193.0,-193.0
apache__tinkerpop#org.apache.tinkerpop.gremlin.process.TraversalConstructionBenchmark.testAddVAddEWithPropsChained#.json_0,apache__tinkerpop#org.apache.tinkerpop.gremlin.process.TraversalConstructionBenchmark.testAddVAddEWithPropsChained#.json,0,846,0,2025,49,True,False,846.0,-846.0,True,False,1179.0,1179.0,True,False,797.0,-797.0
eclipse__rdf4j#org.eclipse.rdf4j.benchmark.ReasoningBenchmark.forwardChainingSchemaCachingRDFSInferencerSchema#param=longChain::5803.json_0,eclipse__rdf4j#org.eclipse.rdf4j.benchmark.ReasoningBenchmark.forwardChainingSchemaCachingRDFSInferencerSchema#param=longChain::5803.json,0,743,253,509,15,True,False,490.0,-490.0,True,False,234.0,-234.0,True,False,728.0,-728.0
eclipse__jetty.project#org.eclipse.jetty.util.StringReplaceBenchmark.testJettyStringUtilReplaceReduce#matches=3&size=3.json_0,eclipse__jetty.project#org.eclipse.jetty.util.StringReplaceBenchmark.testJettyStringUtilReplaceReduce#matches=3&size=3.json,0,345,0,18,15,True,False,345.0,-345.0,True,False,327.0,-327.0,True,False,330.0,-330.0
eclipse__rdf4j#org.eclipse.rdf4j.benchmark.ReasoningBenchmark.forwardChainingSchemaCachingRDFSInferencerSchema#param=medium::544.json_0,eclipse__rdf4j#org.eclipse.rdf4j.benchmark.ReasoningBenchmark.forwardChainingSchemaCachingRDFSInferencerSchema#param=medium::544.json,0,499,21,21,15,True,False,478.0,-478.0,True,False,478.0,-478.0,True,False,484.0,-484.0
crate__crate#io.crate.data.join.RowsBatchIteratorBenchmark.measureConsumeHashInnerJoin#.json_0,crate__crate#io.crate.data.join.RowsBatchIteratorBenchmark.measureConsumeHashInnerJoin#.json,0,422,73,2,15,True,False,349.0,-349.0,True,False,420.0,-420.0,True,False,407.0,-407.0
netty__netty#io.netty.microbench.headers.HeadersBenchmark.httpIterate#exampleHeader=TWENTYTWO.json_0,netty__netty#io.netty.microbench.headers.HeadersBenchmark.httpIterate#exampleHeader=TWENTYTWO.json,0,240,0,0,669,True,False,240.0,-240.0,True,False,240.0,-240.0,True,False,429.0,429.0
h2oai__h2o-3#water.util.IcedHashMapBench.writeMap#arrayType=None&array_values_length=1&keyType=String&n_entries=10&valueType=Integer.json_0,h2oai__h2o-3#water.util.IcedHashMapBench.writeMap#arrayType=None&array_values_length=1&keyType=String&n_entries=10&valueType=Integer.json,0,6,5,252,15,True,False,1.0,-1.0,True,False,246.0,246.0,True,False,9.0,9.0
raphw__byte-buddy#net.bytebuddy.benchmark.ClassByExtensionBenchmark.benchmarkByteBuddyWithProxy#.json_0,raphw__byte-buddy#net.bytebuddy.benchmark.ClassByExtensionBenchmark.benchmarkByteBuddyWithProxy#.json,0,318,10,310,310,True,False,308.0,-308.0,True,False,8.0,-8.0,True,False,8.0,-8.0
prestodb__presto#com.facebook.presto.util.PagesSortBenchmark.runPagesMergeSortBenchmark#numMergeSources=16&numSortChannels=1&pagesCount=400&totalChannels=1.json_0,prestodb__presto#com.facebook.presto.util.PagesSortBenchmark.runPagesMergeSortBenchmark#numMergeSources=16&numSortChannels=1&pagesCount=400&totalChannels=1.json,0,1055,0,1,15,True,False,1055.0,-1055.0,True,False,1054.0,-1054.0,True,False,1040.0,-1040.0
h2oai__h2o-3#hex.AUCBuilderBench.perRow#nBins=40&nObs=1000.json_0,h2oai__h2o-3#hex.AUCBuilderBench.perRow#nBins=40&nObs=1000.json,0,544,0,0,2,True,False,544.0,-544.0,True,False,544.0,-544.0,True,False,542.0,-542.0
netty__netty#io.netty.microbenchmark.common.AsciiStringBenchmark.hashCodeBenchBytesOld#size=100.json_0,netty__netty#io.netty.microbenchmark.common.AsciiStringBenchmark.hashCodeBenchBytesOld#size=100.json,0,696,0,0,0,True,False,696.0,-696.0,True,False,696.0,-696.0,True,False,696.0,-696.0
r2dbc__r2dbc-h2#io.r2dbc.h2.StatementBenchmarks.simpleJdbc#.json_0,r2dbc__r2dbc-h2#io.r2dbc.h2.StatementBenchmarks.simpleJdbc#.json,0,302,159,282,15,True,False,143.0,-143.0,True,False,20.0,-20.0,True,False,287.0,-287.0
yellowstonegames__SquidLib#squidpony.performance.WorldBenchmark.measureFast#.json_0,yellowstonegames__SquidLib#squidpony.performance.WorldBenchmark.measureFast#.json,0,2688,0,0,15,True,False,2688.0,-2688.0,True,False,2688.0,-2688.0,True,False,2673.0,-2673.0
RoaringBitmap__RoaringBitmap#org.roaringbitmap.iteration.BatchIteratorBenchmark.batchIterateAsIntIterator#bufferSize=64&dirtiness=0.5&keys=8&runniness=0.5.json_0,RoaringBitmap__RoaringBitmap#org.roaringbitmap.iteration.BatchIteratorBenchmark.batchIterateAsIntIterator#bufferSize=64&dirtiness=0.5&keys=8&runniness=0.5.json,0,528,0,0,384,True,False,528.0,-528.0,True,False,528.0,-528.0,True,False,144.0,-144.0
imglib__imglib2#net.imglib2.loops.LoopPerformanceBenchmark.copy_pairedView#.json_0,imglib__imglib2#net.imglib2.loops.LoopPerformanceBenchmark.copy_pairedView#.json,0,1557,1550,1550,1554,True,False,7.0,-7.0,True,False,7.0,-7.0,True,False,3.0,-3.0
r2dbc__r2dbc-h2#io.r2dbc.h2.StagedResultSizeBenchmarks.simpleR2dbc#resultSize=10.json_0,r2dbc__r2dbc-h2#io.r2dbc.h2.StagedResultSizeBenchmarks.simpleR2dbc#resultSize=10.json,0,12,24,280,7,True,False,12.0,12.0,True,False,268.0,268.0,True,False,5.0,-5.0
openzipkin__zipkin#zipkin2.codec.JsonCodecBenchmarks.bytebuffer_moshiDecoder#.json_0,openzipkin__zipkin#zipkin2.codec.JsonCodecBenchmarks.bytebuffer_moshiDecoder#.json,0,493,434,477,477,True,False,59.0,-59.0,True,False,16.0,-16.0,True,False,16.0,-16.0
eclipse__rdf4j#org.eclipse.rdf4j.benchmark.ReasoningBenchmark.noReasoningMultipleTransactions#param=simple::152.json_0,eclipse__rdf4j#org.eclipse.rdf4j.benchmark.ReasoningBenchmark.noReasoningMultipleTransactions#param=simple::152.json,0,322,4,-1,15,True,False,318.0,-318.0,False,True,,,True,False,307.0,-307.0
h2oai__h2o-3#water.util.IcedHashMapBench.writeMap#arrayType=Array&array_values_length=10000&keyType=String&n_entries=1000&valueType=Boolean.json_0,h2oai__h2o-3#water.util.IcedHashMapBench.writeMap#arrayType=Array&array_values_length=10000&keyType=String&n_entries=1000&valueType=Boolean.json,0,171,166,2416,70,True,False,5.0,-5.0,True,False,2245.0,2245.0,True,False,101.0,-101.0
prometheus__client_java#io.prometheus.benchmark.SummaryBenchmark.prometheusSimpleHistogramNoLabelsBenchmark#.json_0,prometheus__client_java#io.prometheus.benchmark.SummaryBenchmark.prometheusSimpleHistogramNoLabelsBenchmark#.json,0,243,1,1,15,True,False,242.0,-242.0,True,False,242.0,-242.0,True,False,228.0,-228.0
hazelcast__hazelcast#com.hazelcast.internal.util.collection.OAHashSetBenchmark.clear#size=100.json_0,hazelcast__hazelcast#com.hazelcast.internal.util.collection.OAHashSetBenchmark.clear#size=100.json,0,499,0,0,439,True,False,499.0,-499.0,True,False,499.0,-499.0,True,False,60.0,-60.0
apache__hive#org.apache.hive.benchmark.vectorization.operators.VectorGroupByOperatorBench.testAggCount#aggregation=max&dataType=string&evalMode=COMPLETE&hasNulls=false&isRepeating=false&processMode=HASH.json_0,apache__hive#org.apache.hive.benchmark.vectorization.operators.VectorGroupByOperatorBench.testAggCount#aggregation=max&dataType=string&evalMode=COMPLETE&hasNulls=false&isRepeating=false&processMode=HASH.json,0,511,0,0,404,True,False,511.0,-511.0,True,False,511.0,-511.0,True,False,107.0,-107.0
protostuff__protostuff#io.protostuff.benchmarks.StringSerializerBenchmark.bufferedSerializer#stringLength=1.json_0,protostuff__protostuff#io.protostuff.benchmarks.StringSerializerBenchmark.bufferedSerializer#stringLength=1.json,0,172,192,1384,193,True,False,20.0,20.0,True,False,1212.0,1212.0,True,False,21.0,21.0
prometheus__client_java#io.prometheus.benchmark.GaugeBenchmark.prometheusSimpleGaugeChildDecBenchmark#.json_0,prometheus__client_java#io.prometheus.benchmark.GaugeBenchmark.prometheusSimpleGaugeChildDecBenchmark#.json,0,437,0,1,15,True,False,437.0,-437.0,True,False,436.0,-436.0,True,False,422.0,-422.0
apache__kafka#org.apache.kafka.jmh.record.RecordBatchIterationBenchmark.measureIteratorForBatchWithSingleMessage#bufferSupplierStr=CREATE&bytes=RANDOM&compressionType=SNAPPY&maxBatchSize=500&messageSize=100&messageVersion=2.json_0,apache__kafka#org.apache.kafka.jmh.record.RecordBatchIterationBenchmark.measureIteratorForBatchWithSingleMessage#bufferSupplierStr=CREATE&bytes=RANDOM&compressionType=SNAPPY&maxBatchSize=500&messageSize=100&messageVersion=2.json,0,787,1914,2331,0,True,False,1127.0,1127.0,True,False,1544.0,1544.0,True,False,787.0,-787.0
cantaloupe-project__cantaloupe#edu.illinois.library.cantaloupe.perf.processor.JaiProcessorPerformance.readInfoWithPNG#.json_0,cantaloupe-project__cantaloupe#edu.illinois.library.cantaloupe.perf.processor.JaiProcessorPerformance.readInfoWithPNG#.json,0,20,32,32,15,True,False,12.0,12.0,True,False,12.0,12.0,True,False,5.0,-5.0
apache__camel#org.apache.camel.itest.jmh.FastTypeConverterTest.typeConvertByteBufToArray#.json_0,apache__camel#org.apache.camel.itest.jmh.FastTypeConverterTest.typeConvertByteBufToArray#.json,0,519,0,6,502,True,False,519.0,-519.0,True,False,513.0,-513.0,True,False,17.0,-17.0
zalando__logbook#org.zalando.logbook.HttpLogFormatterBenchmark.jsonResponse#.json_0,zalando__logbook#org.zalando.logbook.HttpLogFormatterBenchmark.jsonResponse#.json,0,799,34,796,15,True,False,765.0,-765.0,True,False,3.0,-3.0,True,False,784.0,-784.0
eclipse__rdf4j#org.eclipse.rdf4j.benchmark.ReasoningBenchmark.forwardChainingSchemaCachingRDFSInferencerSchema#param=moreRdfs::12180.json_0,eclipse__rdf4j#org.eclipse.rdf4j.benchmark.ReasoningBenchmark.forwardChainingSchemaCachingRDFSInferencerSchema#param=moreRdfs::12180.json,0,469,14,1548,15,True,False,455.0,-455.0,True,False,1079.0,1079.0,True,False,454.0,-454.0
protostuff__protostuff#io.protostuff.benchmarks.StringSerializerBenchmark.bufferedSerializer#stringLength=1000.json_0,protostuff__protostuff#io.protostuff.benchmarks.StringSerializerBenchmark.bufferedSerializer#stringLength=1000.json,0,1006,0,1518,116,True,False,1006.0,-1006.0,True,False,512.0,512.0,True,False,890.0,-890.0
cantaloupe-project__cantaloupe#edu.illinois.library.cantaloupe.perf.processor.ImageMagickProcessorPerformance.readInfoWithTIF#.json_0,cantaloupe-project__cantaloupe#edu.illinois.library.cantaloupe.perf.processor.ImageMagickProcessorPerformance.readInfoWithTIF#.json,0,14,45,45,15,True,False,31.0,31.0,True,False,31.0,31.0,True,False,1.0,1.0
apache__hive#org.apache.hive.benchmark.vectorization.operators.VectorGroupByOperatorBench.testAggCount#aggregation=avg&dataType=bigint&evalMode=COMPLETE&hasNulls=false&isRepeating=true&processMode=GLOBAL.json_0,apache__hive#org.apache.hive.benchmark.vectorization.operators.VectorGroupByOperatorBench.testAggCount#aggregation=avg&dataType=bigint&evalMode=COMPLETE&hasNulls=false&isRepeating=true&processMode=GLOBAL.json,0,202,0,0,15,True,False,202.0,-202.0,True,False,202.0,-202.0,True,False,187.0,-187.0
apache__arrow#org.apache.arrow.vector.ipc.WriteChannelBenchmark.alignBenchmark#alignSize=3.json_0,apache__arrow#org.apache.arrow.vector.ipc.WriteChannelBenchmark.alignBenchmark#alignSize=3.json,0,39,35,35,15,True,False,4.0,-4.0,True,False,4.0,-4.0,True,False,24.0,-24.0
apache__kafka#org.apache.kafka.jmh.record.RecordBatchIterationBenchmark.measureStreamingIteratorForVariableBatchSize#bufferSupplierStr=NO_CACHING&bytes=ONES&compressionType=LZ4&maxBatchSize=500&messageSize=1000&messageVersion=2.json_0,apache__kafka#org.apache.kafka.jmh.record.RecordBatchIterationBenchmark.measureStreamingIteratorForVariableBatchSize#bufferSupplierStr=NO_CACHING&bytes=ONES&compressionType=LZ4&maxBatchSize=500&messageSize=1000&messageVersion=2.json,0,1208,703,2270,40,True,False,505.0,-505.0,True,False,1062.0,1062.0,True,False,1168.0,-1168.0
ReactiveX__RxJava#io.reactivex.rxjava3.xmapz.FlowableConcatMapMaybeEmptyPerf.flowableDedicated#count=100.json_0,ReactiveX__RxJava#io.reactivex.rxjava3.xmapz.FlowableConcatMapMaybeEmptyPerf.flowableDedicated#count=100.json,0,750,0,0,2515,True,False,750.0,-750.0,True,False,750.0,-750.0,True,False,1765.0,1765.0
eclipse__jetty.project#org.eclipse.jetty.util.jmh.DateCacheBenchmark.testDateCacheTimestamp#.json_0,eclipse__jetty.project#org.eclipse.jetty.util.jmh.DateCacheBenchmark.testDateCacheTimestamp#.json,0,158,37,37,15,True,False,121.0,-121.0,True,False,121.0,-121.0,True,False,143.0,-143.0
protostuff__protostuff#io.protostuff.benchmarks.StringSerializerBenchmark.builtInSerializer#stringLength=1000.json_0,protostuff__protostuff#io.protostuff.benchmarks.StringSerializerBenchmark.builtInSerializer#stringLength=1000.json,0,668,0,0,55,True,False,668.0,-668.0,True,False,668.0,-668.0,True,False,613.0,-613.0
apache__logging-log4j2#org.apache.logging.log4j.perf.jmh.Log4j2AppenderComparisonBenchmark.appenderRewrite#.json_0,apache__logging-log4j2#org.apache.logging.log4j.perf.jmh.Log4j2AppenderComparisonBenchmark.appenderRewrite#.json,0,128,57,55,15,True,False,71.0,-71.0,True,False,73.0,-73.0,True,False,113.0,-113.0
HdrHistogram__HdrHistogram#bench.HdrHistogramEncodingBench.skinnyEncodeIntoCompressedByteBuffer#latencySeriesName=case3&numberOfSignificantValueDigits=2.json_0,HdrHistogram__HdrHistogram#bench.HdrHistogramEncodingBench.skinnyEncodeIntoCompressedByteBuffer#latencySeriesName=case3&numberOfSignificantValueDigits=2.json,0,494,0,0,1008,True,False,494.0,-494.0,True,False,494.0,-494.0,True,False,514.0,514.0
openzipkin__zipkin#zipkin2.codec.ProtoCodecBenchmarks.bytebuffer_zipkinDecoder#.json_0,openzipkin__zipkin#zipkin2.codec.ProtoCodecBenchmarks.bytebuffer_zipkinDecoder#.json,0,712,249,249,204,True,False,463.0,-463.0,True,False,463.0,-463.0,True,False,508.0,-508.0
apache__arrow#org.apache.arrow.vector.BaseValueVectorBenchmarks.testComputeCombinedBufferSize#.json_0,apache__arrow#org.apache.arrow.vector.BaseValueVectorBenchmarks.testComputeCombinedBufferSize#.json,0,281,0,0,15,True,False,281.0,-281.0,True,False,281.0,-281.0,True,False,266.0,-266.0
netty__netty#io.netty.handler.codec.http2.Http2FrameWriterDataBenchmark.newWriter#padding=100&payloadSize=1048576&pooled=true.json_0,netty__netty#io.netty.handler.codec.http2.Http2FrameWriterDataBenchmark.newWriter#padding=100&payloadSize=1048576&pooled=true.json,0,346,235,340,15,True,False,111.0,-111.0,True,False,6.0,-6.0,True,False,331.0,-331.0
jgrapht__jgrapht#org.jgrapht.perf.shortestpath.DeltaSteppingShortestPathPerformance.testBellmanFordBarabasiAlbert#m=500&m0=1000&numOfVertices=10000.json_0,jgrapht__jgrapht#org.jgrapht.perf.shortestpath.DeltaSteppingShortestPathPerformance.testBellmanFordBarabasiAlbert#m=500&m0=1000&numOfVertices=10000.json,0,46,1818,-1,172,True,False,1772.0,1772.0,False,True,,,True,False,126.0,126.0
apache__hive#org.apache.hive.benchmark.vectorization.operators.VectorGroupByOperatorBench.testAggCount#aggregation=min&dataType=timestamp&evalMode=PARTIAL1&hasNulls=false&isRepeating=true&processMode=HASH.json_0,apache__hive#org.apache.hive.benchmark.vectorization.operators.VectorGroupByOperatorBench.testAggCount#aggregation=min&dataType=timestamp&evalMode=PARTIAL1&hasNulls=false&isRepeating=true&processMode=HASH.json,0,136,0,0,15,True,False,136.0,-136.0,True,False,136.0,-136.0,True,False,121.0,-121.0
zalando__logbook#org.zalando.logbook.HeaderBenchmark.replace2xResponse#.json_0,zalando__logbook#org.zalando.logbook.HeaderBenchmark.replace2xResponse#.json,0,433,171,2067,55,True,False,262.0,-262.0,True,False,1634.0,1634.0,True,False,378.0,-378.0
eclipse__rdf4j#org.eclipse.rdf4j.benchmark.ReasoningBenchmark.noReasoningMultipleTransactions#param=longChain::5803.json_0,eclipse__rdf4j#org.eclipse.rdf4j.benchmark.ReasoningBenchmark.noReasoningMultipleTransactions#param=longChain::5803.json,0,162,41,1548,15,True,False,121.0,-121.0,True,False,1386.0,1386.0,True,False,147.0,-147.0
JCTools__JCTools#org.jctools.channels.mpsc.MpscProxyChannelBenchmark.oneReferenceArgBaseline#limit=10000.json_0,JCTools__JCTools#org.jctools.channels.mpsc.MpscProxyChannelBenchmark.oneReferenceArgBaseline#limit=10000.json,0,863,1,-1,-1,True,False,862.0,-862.0,False,True,,,False,True,,
r2dbc__r2dbc-h2#io.r2dbc.h2.StatementBenchmarks.parametrizedR2dbc#.json_0,r2dbc__r2dbc-h2#io.r2dbc.h2.StatementBenchmarks.parametrizedR2dbc#.json,0,16,15,340,15,True,False,1.0,-1.0,True,False,324.0,324.0,True,False,1.0,-1.0
apache__arrow#org.apache.arrow.algorithm.search.ParallelSearcherBenchmarks.searchBenchmark#numThreads=5.json_0,apache__arrow#org.apache.arrow.algorithm.search.ParallelSearcherBenchmarks.searchBenchmark#numThreads=5.json,0,10,1,1,5,True,False,9.0,-9.0,True,False,9.0,-9.0,True,False,5.0,-5.0
netty__netty#io.netty.buffer.CompositeByteBufRandomAccessBenchmark.setGetLong#bufferType=SMALL_CHUNKS&size=1024000.json_0,netty__netty#io.netty.buffer.CompositeByteBufRandomAccessBenchmark.setGetLong#bufferType=SMALL_CHUNKS&size=1024000.json,0,1844,0,1832,0,True,False,1844.0,-1844.0,True,False,12.0,-12.0,True,False,1844.0,-1844.0
protostuff__protostuff#io.protostuff.benchmarks.RuntimeSchemaBenchmark.runtime_serialize_10_int_fields#.json_0,protostuff__protostuff#io.protostuff.benchmarks.RuntimeSchemaBenchmark.runtime_serialize_10_int_fields#.json,0,140,1,1,178,True,False,139.0,-139.0,True,False,139.0,-139.0,True,False,38.0,38.0
apache__logging-log4j2#org.apache.logging.log4j.perf.jmh.MDCFilterBenchmark.baseline#size=4.json_0,apache__logging-log4j2#org.apache.logging.log4j.perf.jmh.MDCFilterBenchmark.baseline#size=4.json,0,716,0,0,15,True,False,716.0,-716.0,True,False,716.0,-716.0,True,False,701.0,-701.0
eclipse__eclipse-collections#org.eclipse.collections.impl.jmh.map.ScalaAnyRefMapPutTest.scalaAnyRef#isPresized=false&loadFactor=0.75&size=4500000.json_0,eclipse__eclipse-collections#org.eclipse.collections.impl.jmh.map.ScalaAnyRefMapPutTest.scalaAnyRef#isPresized=false&loadFactor=0.75&size=4500000.json,0,117,0,42,15,True,False,117.0,-117.0,True,False,75.0,-75.0,True,False,102.0,-102.0
prestodb__presto#com.facebook.presto.operator.BenchmarkBlockFlattener.benchmarkWithFlatten#blockSize=1000&nestedLevel=4&numberOfIterations=10&reuseArrays=true.json_0,prestodb__presto#com.facebook.presto.operator.BenchmarkBlockFlattener.benchmarkWithFlatten#blockSize=1000&nestedLevel=4&numberOfIterations=10&reuseArrays=true.json,0,307,0,41,40,True,False,307.0,-307.0,True,False,266.0,-266.0,True,False,267.0,-267.0
raphw__byte-buddy#net.bytebuddy.benchmark.ClassByImplementationBenchmark.baseline#.json_0,raphw__byte-buddy#net.bytebuddy.benchmark.ClassByImplementationBenchmark.baseline#.json,0,174,0,0,0,True,False,174.0,-174.0,True,False,174.0,-174.0,True,False,174.0,-174.0
RoaringBitmap__RoaringBitmap#org.roaringbitmap.serialization.SerializationBenchmark.testSerialize#.json_0,RoaringBitmap__RoaringBitmap#org.roaringbitmap.serialization.SerializationBenchmark.testSerialize#.json,0,161,33,33,33,True,False,128.0,-128.0,True,False,128.0,-128.0,True,False,128.0,-128.0
prestodb__presto#com.facebook.presto.BenchmarkBoxedBoolean.primitive#.json_0,prestodb__presto#com.facebook.presto.BenchmarkBoxedBoolean.primitive#.json,0,206,0,191,193,True,False,206.0,-206.0,True,False,15.0,-15.0,True,False,13.0,-13.0
cantaloupe-project__cantaloupe#edu.illinois.library.cantaloupe.perf.processor.codec.BMPImageReaderPerformance.testReadRenderedWithArguments#.json_0,cantaloupe-project__cantaloupe#edu.illinois.library.cantaloupe.perf.processor.codec.BMPImageReaderPerformance.testReadRenderedWithArguments#.json,0,259,0,0,0,True,False,259.0,-259.0,True,False,259.0,-259.0,True,False,259.0,-259.0
prometheus__client_java#io.prometheus.benchmark.CounterBenchmark.prometheusSimpleCounterIncBenchmark#.json_0,prometheus__client_java#io.prometheus.benchmark.CounterBenchmark.prometheusSimpleCounterIncBenchmark#.json,0,440,305,23,402,True,False,135.0,-135.0,True,False,417.0,-417.0,True,False,38.0,-38.0
apache__hive#org.apache.hive.benchmark.vectorization.operators.VectorGroupByOperatorBench.testAggCount#aggregation=bloom_filter&dataType=bigint&evalMode=COMPLETE&hasNulls=true&isRepeating=true&processMode=HASH.json_0,apache__hive#org.apache.hive.benchmark.vectorization.operators.VectorGroupByOperatorBench.testAggCount#aggregation=bloom_filter&dataType=bigint&evalMode=COMPLETE&hasNulls=true&isRepeating=true&processMode=HASH.json,0,499,0,0,15,True,False,499.0,-499.0,True,False,499.0,-499.0,True,False,484.0,-484.0
eclipse__jetty.project#org.eclipse.jetty.util.StringReplaceBenchmark.testJettyStringUtilReplaceGrowth#matches=1&size=3.json_0,eclipse__jetty.project#org.eclipse.jetty.util.StringReplaceBenchmark.testJettyStringUtilReplaceGrowth#matches=1&size=3.json,0,345,0,59,322,True,False,345.0,-345.0,True,False,286.0,-286.0,True,False,23.0,-23.0
RoaringBitmap__RoaringBitmap#org.roaringbitmap.equals.EqualsBenchmark.arrayVsArrayEquals#firstMismatch=0.1&size=2000.json_0,RoaringBitmap__RoaringBitmap#org.roaringbitmap.equals.EqualsBenchmark.arrayVsArrayEquals#firstMismatch=0.1&size=2000.json,0,116,0,1,466,True,False,116.0,-116.0,True,False,115.0,-115.0,True,False,350.0,350.0
apache__tinkerpop#org.apache.tinkerpop.gremlin.driver.SerializationBenchmark.testReadMessage1GraphSON#.json_0,apache__tinkerpop#org.apache.tinkerpop.gremlin.driver.SerializationBenchmark.testReadMessage1GraphSON#.json,0,199,80,2288,15,True,False,119.0,-119.0,True,False,2089.0,2089.0,True,False,184.0,-184.0
apache__tinkerpop#org.apache.tinkerpop.jsr223.JavaTranslatorBenchmark.testTranslationWithStrategy#.json_0,apache__tinkerpop#org.apache.tinkerpop.jsr223.JavaTranslatorBenchmark.testTranslationWithStrategy#.json,0,432,63,63,15,True,False,369.0,-369.0,True,False,369.0,-369.0,True,False,417.0,-417.0
imglib__imglib2#net.imglib2.loops.SyncedPositionablesBenchmark.benchmark5#.json_0,imglib__imglib2#net.imglib2.loops.SyncedPositionablesBenchmark.benchmark5#.json,0,586,582,582,15,True,False,4.0,-4.0,True,False,4.0,-4.0,True,False,571.0,-571.0
cantaloupe-project__cantaloupe#edu.illinois.library.cantaloupe.perf.processor.codec.TIFFImageWriterPerformance.testWriteWithPlanarImage#.json_0,cantaloupe-project__cantaloupe#edu.illinois.library.cantaloupe.perf.processor.codec.TIFFImageWriterPerformance.testWriteWithPlanarImage#.json,0,205,25,25,192,True,False,180.0,-180.0,True,False,180.0,-180.0,True,False,13.0,-13.0
zalando__logbook#org.zalando.logbook.HeaderBenchmark.replace1xRequest#.json_0,zalando__logbook#org.zalando.logbook.HeaderBenchmark.replace1xRequest#.json,0,205,199,66,200,True,False,6.0,-6.0,True,False,139.0,-139.0,True,False,5.0,-5.0
HdrHistogram__HdrHistogram#bench.HdrHistogramEncodingBench.roundtripCompressed#latencySeriesName=sparsed2&numberOfSignificantValueDigits=2.json_0,HdrHistogram__HdrHistogram#bench.HdrHistogramEncodingBench.roundtripCompressed#latencySeriesName=sparsed2&numberOfSignificantValueDigits=2.json,0,96,-1,-1,0,False,True,,,False,True,,,True,False,96.0,-96.0
jgrapht__jgrapht#org.jgrapht.perf.shortestpath.KShortestPathsPerformance.testEppsteinKShortestPaths#k=50&n=100&numberOfQueries=20&p=0.3.json_0,jgrapht__jgrapht#org.jgrapht.perf.shortestpath.KShortestPathsPerformance.testEppsteinKShortestPaths#k=50&n=100&numberOfQueries=20&p=0.3.json,0,571,0,1,15,True,False,571.0,-571.0,True,False,570.0,-570.0,True,False,556.0,-556.0
netty__netty#io.netty.microbench.buffer.ByteBufCopyBenchmark.setBytes#alignedCopyByteBuf=false&alignedCopyByteBuffer=true&directByteBuff=false&directByteBuffer=true&nativeOrderByteBuffer=false&pooledByteBuf=true&readonlyByteBuffer=true&size=36.json_0,netty__netty#io.netty.microbench.buffer.ByteBufCopyBenchmark.setBytes#alignedCopyByteBuf=false&alignedCopyByteBuffer=true&directByteBuff=false&directByteBuffer=true&nativeOrderByteBuffer=false&pooledByteBuf=true&readonlyByteBuffer=true&size=36.json,0,272,271,1,665,True,False,1.0,-1.0,True,False,271.0,-271.0,True,False,393.0,393.0
netty__netty#io.netty.microbench.buffer.ByteBufAllocatorBenchmark.defaultPooledDirectAllocAndFree#size=01024.json_0,netty__netty#io.netty.microbench.buffer.ByteBufAllocatorBenchmark.defaultPooledDirectAllocAndFree#size=01024.json,0,10,1,1,15,True,False,9.0,-9.0,True,False,9.0,-9.0,True,False,5.0,5.0
crate__crate#io.crate.operation.aggregation.HyperLogLogDistinctAggregationBenchmark.benchmarkHLLPlusPlusMurmur64#.json_0,crate__crate#io.crate.operation.aggregation.HyperLogLogDistinctAggregationBenchmark.benchmarkHLLPlusPlusMurmur64#.json,0,661,0,-1,112,True,False,661.0,-661.0,False,True,,,True,False,549.0,-549.0
jdbi__jdbi#org.jdbi.v3.benchmark.sqlobject.H2SqlObjectV3Benchmark.fluentInsertGeneratedKeyBindBean#.json_0,jdbi__jdbi#org.jdbi.v3.benchmark.sqlobject.H2SqlObjectV3Benchmark.fluentInsertGeneratedKeyBindBean#.json,0,565,13,918,769,True,False,552.0,-552.0,True,False,353.0,353.0,True,False,204.0,204.0
zalando__logbook#org.zalando.logbook.HeaderBenchmark.autoconfigurationRequest#.json_0,zalando__logbook#org.zalando.logbook.HeaderBenchmark.autoconfigurationRequest#.json,0,235,324,324,50,True,False,89.0,89.0,True,False,89.0,89.0,True,False,185.0,-185.0
hazelcast__hazelcast#com.hazelcast.internal.serialization.impl.portable.portablereader.DefaultPortableReaderBenchmark.read#.json_0,hazelcast__hazelcast#com.hazelcast.internal.serialization.impl.portable.portablereader.DefaultPortableReaderBenchmark.read#.json,0,342,154,627,332,True,False,188.0,-188.0,True,False,285.0,285.0,True,False,10.0,-10.0
yellowstonegames__SquidLib#squidpony.performance.CoordPackerBenchmark.doPack#.json_0,yellowstonegames__SquidLib#squidpony.performance.CoordPackerBenchmark.doPack#.json,0,1052,0,0,512,True,False,1052.0,-1052.0,True,False,1052.0,-1052.0,True,False,540.0,-540.0
eclipse__rdf4j#org.eclipse.rdf4j.benchmark.ForwardChainingRDFSInferencerBenchmark.initialize#.json_0,eclipse__rdf4j#org.eclipse.rdf4j.benchmark.ForwardChainingRDFSInferencerBenchmark.initialize#.json,0,485,16,762,2935,True,False,469.0,-469.0,True,False,277.0,277.0,True,False,2450.0,2450.0
raphw__byte-buddy#net.bytebuddy.benchmark.ClassByExtensionBenchmark.benchmarkByteBuddySpecialized#.json_0,raphw__byte-buddy#net.bytebuddy.benchmark.ClassByExtensionBenchmark.benchmarkByteBuddySpecialized#.json,0,237,17,69,15,True,False,220.0,-220.0,True,False,168.0,-168.0,True,False,222.0,-222.0
raphw__byte-buddy#net.bytebuddy.benchmark.ClassByExtensionBenchmark.benchmarkByteBuddyWithProxyAndReusedDelegatorWithTypePool#.json_0,raphw__byte-buddy#net.bytebuddy.benchmark.ClassByExtensionBenchmark.benchmarkByteBuddyWithProxyAndReusedDelegatorWithTypePool#.json,0,132,12,504,15,True,False,120.0,-120.0,True,False,372.0,372.0,True,False,117.0,-117.0
apache__tinkerpop#org.apache.tinkerpop.gremlin.process.TraversalConstructionBenchmark.constructMediumWithBindings#.json_0,apache__tinkerpop#org.apache.tinkerpop.gremlin.process.TraversalConstructionBenchmark.constructMediumWithBindings#.json,0,459,135,0,79,True,False,324.0,-324.0,True,False,459.0,-459.0,True,False,380.0,-380.0
HdrHistogram__HdrHistogram#bench.HdrHistogramEncodingBench.encodeIntoCompressedByteBuffer#latencySeriesName=case3&numberOfSignificantValueDigits=3.json_0,HdrHistogram__HdrHistogram#bench.HdrHistogramEncodingBench.encodeIntoCompressedByteBuffer#latencySeriesName=case3&numberOfSignificantValueDigits=3.json,0,12,0,0,15,True,False,12.0,-12.0,True,False,12.0,-12.0,True,False,3.0,3.0
openzipkin__zipkin#zipkin2.internal.ReadBufferBenchmarks.readLong_8arity#.json_0,openzipkin__zipkin#zipkin2.internal.ReadBufferBenchmarks.readLong_8arity#.json,0,162,0,136,712,True,False,162.0,-162.0,True,False,26.0,-26.0,True,False,550.0,550.0
apache__hive#org.apache.hive.benchmark.vectorization.operators.VectorGroupByOperatorBench.testAggCount#aggregation=stddev_samp&dataType=double&evalMode=PARTIAL1&hasNulls=false&isRepeating=false&processMode=HASH.json_0,apache__hive#org.apache.hive.benchmark.vectorization.operators.VectorGroupByOperatorBench.testAggCount#aggregation=stddev_samp&dataType=double&evalMode=PARTIAL1&hasNulls=false&isRepeating=false&processMode=HASH.json,0,723,0,0,15,True,False,723.0,-723.0,True,False,723.0,-723.0,True,False,708.0,-708.0
hazelcast__hazelcast#com.hazelcast.projection.QueryBenchmark.testSuppression#.json_0,hazelcast__hazelcast#com.hazelcast.projection.QueryBenchmark.testSuppression#.json,0,726,496,712,15,True,False,230.0,-230.0,True,False,14.0,-14.0,True,False,711.0,-711.0
apache__arrow#org.apache.arrow.algorithm.search.ParallelSearcherBenchmarks.searchBenchmark#numThreads=1.json_0,apache__arrow#org.apache.arrow.algorithm.search.ParallelSearcherBenchmarks.searchBenchmark#numThreads=1.json,0,422,415,415,417,True,False,7.0,-7.0,True,False,7.0,-7.0,True,False,5.0,-5.0
jdbi__jdbi#org.jdbi.v3.benchmark.sqlobject.H2SqlObjectV2Benchmark.fluentInsertGeneratedKeyBindBean#.json_0,jdbi__jdbi#org.jdbi.v3.benchmark.sqlobject.H2SqlObjectV2Benchmark.fluentInsertGeneratedKeyBindBean#.json,0,456,183,265,265,True,False,273.0,-273.0,True,False,191.0,-191.0,True,False,191.0,-191.0
apache__camel#org.apache.camel.itest.jmh.SimpleOperatorTest.simplePredicate#.json_0,apache__camel#org.apache.camel.itest.jmh.SimpleOperatorTest.simplePredicate#.json,0,1022,337,2030,0,True,False,685.0,-685.0,True,False,1008.0,1008.0,True,False,1022.0,-1022.0
r2dbc__r2dbc-h2#io.r2dbc.h2.StagedResultSizeBenchmarks.preparedJdbc#resultSize=10.json_0,r2dbc__r2dbc-h2#io.r2dbc.h2.StagedResultSizeBenchmarks.preparedJdbc#resultSize=10.json,0,421,178,384,385,True,False,243.0,-243.0,True,False,37.0,-37.0,True,False,36.0,-36.0
zalando__logbook#org.zalando.logbook.HeaderBenchmark.replace2xResponseShopify#.json_0,zalando__logbook#org.zalando.logbook.HeaderBenchmark.replace2xResponseShopify#.json,0,512,71,71,72,True,False,441.0,-441.0,True,False,441.0,-441.0,True,False,440.0,-440.0
imglib__imglib2#net.imglib2.loops.LoopPerformanceBenchmark.gradient_niceAndSlow#.json_0,imglib__imglib2#net.imglib2.loops.LoopPerformanceBenchmark.gradient_niceAndSlow#.json,0,2346,2341,2341,2515,True,False,5.0,-5.0,True,False,5.0,-5.0,True,False,169.0,169.0
eclipse__rdf4j#org.eclipse.rdf4j.benchmark.QueryOrderBenchmark.selectDistinct#countk=100&limit=50000&syncThreshold=10000.json_0,eclipse__rdf4j#org.eclipse.rdf4j.benchmark.QueryOrderBenchmark.selectDistinct#countk=100&limit=50000&syncThreshold=10000.json,0,1485,0,0,516,True,False,1485.0,-1485.0,True,False,1485.0,-1485.0,True,False,969.0,-969.0
apache__logging-log4j2#org.apache.logging.log4j.perf.jmh.ThreadContextBenchmark.legacyInjectWithoutProperties#count=500&threadContextMapAlias=NoGcOpenHash.json_0,apache__logging-log4j2#org.apache.logging.log4j.perf.jmh.ThreadContextBenchmark.legacyInjectWithoutProperties#count=500&threadContextMapAlias=NoGcOpenHash.json,0,592,0,0,0,True,False,592.0,-592.0,True,False,592.0,-592.0,True,False,592.0,-592.0
JCTools__JCTools#org.jctools.jmh.latency.MpqBurstCost.burstCost#burstSize=100&consumerCount=1&qCapacity=132000&qType=SpscArrayQueue&warmup=true.json_0,JCTools__JCTools#org.jctools.jmh.latency.MpqBurstCost.burstCost#burstSize=100&consumerCount=1&qCapacity=132000&qType=SpscArrayQueue&warmup=true.json,0,1848,1833,1833,692,True,False,15.0,-15.0,True,False,15.0,-15.0,True,False,1156.0,-1156.0
eclipse-vertx__vert.x#io.vertx.benchmarks.HeadersSetBenchmark.vertxSmall#.json_0,eclipse-vertx__vert.x#io.vertx.benchmarks.HeadersSetBenchmark.vertxSmall#.json,0,445,2,2,15,True,False,443.0,-443.0,True,False,443.0,-443.0,True,False,430.0,-430.0
h2oai__h2o-3#water.util.IcedHashMapBench.writeMap#arrayType=None&array_values_length=1&keyType=String&n_entries=100000&valueType=String.json_0,h2oai__h2o-3#water.util.IcedHashMapBench.writeMap#arrayType=None&array_values_length=1&keyType=String&n_entries=100000&valueType=String.json,0,760,179,2385,58,True,False,581.0,-581.0,True,False,1625.0,1625.0,True,False,702.0,-702.0
prometheus__client_java#io.prometheus.benchmark.GaugeBenchmark.prometheusSimpleGaugeNoLabelsSetBenchmark#.json_0,prometheus__client_java#io.prometheus.benchmark.GaugeBenchmark.prometheusSimpleGaugeNoLabelsSetBenchmark#.json,0,2691,0,-1,15,True,False,2691.0,-2691.0,False,True,,,True,False,2676.0,-2676.0
apache__arrow#org.apache.arrow.vector.ipc.message.ArrowRecordBatchBenchmarks.createAndGetLength#.json_0,apache__arrow#org.apache.arrow.vector.ipc.message.ArrowRecordBatchBenchmarks.createAndGetLength#.json,0,304,144,298,49,True,False,160.0,-160.0,True,False,6.0,-6.0,True,False,255.0,-255.0
apache__hive#org.apache.hive.benchmark.vectorization.operators.VectorGroupByOperatorBench.testAggCount#aggregation=variance&dataType=double&evalMode=COMPLETE&hasNulls=true&isRepeating=true&processMode=GLOBAL.json_0,apache__hive#org.apache.hive.benchmark.vectorization.operators.VectorGroupByOperatorBench.testAggCount#aggregation=variance&dataType=double&evalMode=COMPLETE&hasNulls=true&isRepeating=true&processMode=GLOBAL.json,0,746,0,0,15,True,False,746.0,-746.0,True,False,746.0,-746.0,True,False,731.0,-731.0
apache__arrow#org.apache.arrow.vector.Float8Benchmarks.readWriteBenchmark#.json_0,apache__arrow#org.apache.arrow.vector.Float8Benchmarks.readWriteBenchmark#.json,0,2695,0,-1,24,True,False,2695.0,-2695.0,False,True,,,True,False,2671.0,-2671.0
HdrHistogram__HdrHistogram#bench.HdrHistogramEncodingBench.encodeIntoCompressedByteBuffer#latencySeriesName=sparsed2&numberOfSignificantValueDigits=2.json_0,HdrHistogram__HdrHistogram#bench.HdrHistogramEncodingBench.encodeIntoCompressedByteBuffer#latencySeriesName=sparsed2&numberOfSignificantValueDigits=2.json,0,174,0,0,37,True,False,174.0,-174.0,True,False,174.0,-174.0,True,False,137.0,-137.0
netty__netty#io.netty.util.DefaultAttributeMapBenchmark.hasAttributeIdentityHashMap#keyCount=8.json_0,netty__netty#io.netty.util.DefaultAttributeMapBenchmark.hasAttributeIdentityHashMap#keyCount=8.json,0,20,2,2,15,True,False,18.0,-18.0,True,False,18.0,-18.0,True,False,5.0,-5.0
imglib__imglib2#net.imglib2.loops.ClassCopyProviderBenchmark.sumMinMax_using_ClassCopyProvider#.json_0,imglib__imglib2#net.imglib2.loops.ClassCopyProviderBenchmark.sumMinMax_using_ClassCopyProvider#.json,0,390,0,0,1258,True,False,390.0,-390.0,True,False,390.0,-390.0,True,False,868.0,868.0
RoaringBitmap__RoaringBitmap#org.roaringbitmap.iteration.BatchIteratorBenchmark.batchIterate#bufferSize=64&dirtiness=0.25&keys=2096&runniness=0.25.json_0,RoaringBitmap__RoaringBitmap#org.roaringbitmap.iteration.BatchIteratorBenchmark.batchIterate#bufferSize=64&dirtiness=0.25&keys=2096&runniness=0.25.json,0,349,0,0,15,True,False,349.0,-349.0,True,False,349.0,-349.0,True,False,334.0,-334.0
eclipse__jetty.project#org.eclipse.jetty.util.StringReplaceBenchmark.testJavaStringReplaceReduce#matches=0&size=3.json_0,eclipse__jetty.project#org.eclipse.jetty.util.StringReplaceBenchmark.testJavaStringReplaceReduce#matches=0&size=3.json,0,880,1,1,1515,True,False,879.0,-879.0,True,False,879.0,-879.0,True,False,635.0,635.0
raphw__byte-buddy#net.bytebuddy.benchmark.ClassByExtensionBenchmark.benchmarkCglib#.json_0,raphw__byte-buddy#net.bytebuddy.benchmark.ClassByExtensionBenchmark.benchmarkCglib#.json,0,50,25,25,107,True,False,25.0,-25.0,True,False,25.0,-25.0,True,False,57.0,57.0
raphw__byte-buddy#net.bytebuddy.benchmark.ClassByImplementationBenchmark.benchmarkCglib#.json_0,raphw__byte-buddy#net.bytebuddy.benchmark.ClassByImplementationBenchmark.benchmarkCglib#.json,0,61,0,1,15,True,False,61.0,-61.0,True,False,60.0,-60.0,True,False,46.0,-46.0
cantaloupe-project__cantaloupe#edu.illinois.library.cantaloupe.perf.processor.codec.GIFImageWriterPerformance.testWriteWithPlanarImage#.json_0,cantaloupe-project__cantaloupe#edu.illinois.library.cantaloupe.perf.processor.codec.GIFImageWriterPerformance.testWriteWithPlanarImage#.json,0,308,4,4,15,True,False,304.0,-304.0,True,False,304.0,-304.0,True,False,293.0,-293.0
raphw__byte-buddy#net.bytebuddy.benchmark.ClassByExtensionBenchmark.benchmarkByteBuddyWithPrefixAndReusedDelegatorWithTypePool#.json_0,raphw__byte-buddy#net.bytebuddy.benchmark.ClassByExtensionBenchmark.benchmarkByteBuddyWithPrefixAndReusedDelegatorWithTypePool#.json,0,89,838,838,15,True,False,749.0,749.0,True,False,749.0,749.0,True,False,74.0,-74.0
openzipkin__zipkin#zipkin2.codec.CodecBenchmarks.writeClientSpan_PROTO3#.json_0,openzipkin__zipkin#zipkin2.codec.CodecBenchmarks.writeClientSpan_PROTO3#.json,0,74,21,22,15,True,False,53.0,-53.0,True,False,52.0,-52.0,True,False,59.0,-59.0
apache__camel#org.apache.camel.itest.jmh.TypeConverterTest.typeConvertTheSameTypes#.json_0,apache__camel#org.apache.camel.itest.jmh.TypeConverterTest.typeConvertTheSameTypes#.json,0,214,0,1,209,True,False,214.0,-214.0,True,False,213.0,-213.0,True,False,5.0,-5.0
eclipse__rdf4j#org.eclipse.rdf4j.benchmark.QueryOrderBenchmark.selectDistinct#countk=50&limit=50000&syncThreshold=0.json_0,eclipse__rdf4j#org.eclipse.rdf4j.benchmark.QueryOrderBenchmark.selectDistinct#countk=50&limit=50000&syncThreshold=0.json,0,118,0,38,110,True,False,118.0,-118.0,True,False,80.0,-80.0,True,False,8.0,-8.0
jgrapht__jgrapht#org.jgrapht.perf.graph.GraphPerformanceTest.FastLookupDirectedGraphBenchmark.generateGraphBenchmark#.json_0,jgrapht__jgrapht#org.jgrapht.perf.graph.GraphPerformanceTest.FastLookupDirectedGraphBenchmark.generateGraphBenchmark#.json,0,15,0,0,41,True,False,15.0,-15.0,True,False,15.0,-15.0,True,False,26.0,26.0
raphw__byte-buddy#net.bytebuddy.benchmark.StubInvocationBenchmark.baseline#.json_0,raphw__byte-buddy#net.bytebuddy.benchmark.StubInvocationBenchmark.baseline#.json,0,427,2,2,15,True,False,425.0,-425.0,True,False,425.0,-425.0,True,False,412.0,-412.0
JCTools__JCTools#org.jctools.channels.spsc.SpscProxyChannelBenchmark.alignedPrimitiveArgsBaseline#limit=128000.json_0,JCTools__JCTools#org.jctools.channels.spsc.SpscProxyChannelBenchmark.alignedPrimitiveArgsBaseline#limit=128000.json,0,598,1,1,15,True,False,597.0,-597.0,True,False,597.0,-597.0,True,False,583.0,-583.0
r2dbc__r2dbc-h2#io.r2dbc.h2.StagedResultSizeBenchmarks.parametrizedR2dbc#resultSize=100.json_0,r2dbc__r2dbc-h2#io.r2dbc.h2.StagedResultSizeBenchmarks.parametrizedR2dbc#resultSize=100.json,0,13,8,8,15,True,False,5.0,-5.0,True,False,5.0,-5.0,True,False,2.0,2.0
JCTools__JCTools#org.jctools.jmh.baseline.QueueOfferPoll.offerAndPollLoops#burstSize=1&qCapacity=132000&qType=SpscArrayQueue.json_0,JCTools__JCTools#org.jctools.jmh.baseline.QueueOfferPoll.offerAndPollLoops#burstSize=1&qCapacity=132000&qType=SpscArrayQueue.json,0,944,1,1,0,True,False,943.0,-943.0,True,False,943.0,-943.0,True,False,944.0,-944.0
HdrHistogram__HdrHistogram#bench.HdrHistogramEncodingBench.roundtripCompressed#latencySeriesName=sparsed1&numberOfSignificantValueDigits=2.json_0,HdrHistogram__HdrHistogram#bench.HdrHistogramEncodingBench.roundtripCompressed#latencySeriesName=sparsed1&numberOfSignificantValueDigits=2.json,0,470,0,0,15,True,False,470.0,-470.0,True,False,470.0,-470.0,True,False,455.0,-455.0
eclipse-vertx__vert.x#io.vertx.benchmarks.HeadersContainsBenchmark.nettySmallExactMatch#.json_0,eclipse-vertx__vert.x#io.vertx.benchmarks.HeadersContainsBenchmark.nettySmallExactMatch#.json,0,536,0,2,15,True,False,536.0,-536.0,True,False,534.0,-534.0,True,False,521.0,-521.0
apache__hive#org.apache.hive.benchmark.vectorization.operators.VectorGroupByOperatorBench.testAggCount#aggregation=max&dataType=string&evalMode=FINAL&hasNulls=false&isRepeating=true&processMode=GLOBAL.json_0,apache__hive#org.apache.hive.benchmark.vectorization.operators.VectorGroupByOperatorBench.testAggCount#aggregation=max&dataType=string&evalMode=FINAL&hasNulls=false&isRepeating=true&processMode=GLOBAL.json,0,19,0,0,15,True,False,19.0,-19.0,True,False,19.0,-19.0,True,False,4.0,-4.0
cantaloupe-project__cantaloupe#edu.illinois.library.cantaloupe.perf.processor.codec.TIFFImageWriterPerformance.testWriteWithPlanarImageAndEXIFMetadata#.json_0,cantaloupe-project__cantaloupe#edu.illinois.library.cantaloupe.perf.processor.codec.TIFFImageWriterPerformance.testWriteWithPlanarImageAndEXIFMetadata#.json,0,354,19,19,143,True,False,335.0,-335.0,True,False,335.0,-335.0,True,False,211.0,-211.0
prestodb__presto#com.facebook.presto.operator.BenchmarkUnnestOperator.unnest#nestedType=array(bigint)|array(bigint)&positionsPerPage=1000&primitiveNullsRatio=0.2&replicateType=bigint&rowNullsRatio=0.0&withOrdinality=false.json_0,prestodb__presto#com.facebook.presto.operator.BenchmarkUnnestOperator.unnest#nestedType=array(bigint)|array(bigint)&positionsPerPage=1000&primitiveNullsRatio=0.2&replicateType=bigint&rowNullsRatio=0.0&withOrdinality=false.json,0,14,1,1,15,True,False,13.0,-13.0,True,False,13.0,-13.0,True,False,1.0,1.0
apache__arrow#org.apache.arrow.vector.DecimalVectorBenchmarks.setBigEndianArrowBufBenchmark#.json_0,apache__arrow#org.apache.arrow.vector.DecimalVectorBenchmarks.setBigEndianArrowBufBenchmark#.json,0,144,0,0,25,True,False,144.0,-144.0,True,False,144.0,-144.0,True,False,119.0,-119.0
hazelcast__hazelcast#com.hazelcast.internal.util.collection.OAHashSetBenchmark.contains_java_HashSet#size=10000.json_0,hazelcast__hazelcast#com.hazelcast.internal.util.collection.OAHashSetBenchmark.contains_java_HashSet#size=10000.json,0,235,95,1488,330,True,False,140.0,-140.0,True,False,1253.0,1253.0,True,False,95.0,95.0
yellowstonegames__SquidLib#squidpony.performance.HashBenchmark.BenchmarkState.measurePointHash6D#.json_0,yellowstonegames__SquidLib#squidpony.performance.HashBenchmark.BenchmarkState.measurePointHash6D#.json,0,193,2,2,15,True,False,191.0,-191.0,True,False,191.0,-191.0,True,False,178.0,-178.0
HdrHistogram__HdrHistogram#bench.HdrHistogramEncodingBench.skinnyEncodeIntoCompressedByteBuffer#latencySeriesName=shortestjHiccupLine&numberOfSignificantValueDigits=2.json_0,HdrHistogram__HdrHistogram#bench.HdrHistogramEncodingBench.skinnyEncodeIntoCompressedByteBuffer#latencySeriesName=shortestjHiccupLine&numberOfSignificantValueDigits=2.json,0,634,0,1716,0,True,False,634.0,-634.0,True,False,1082.0,1082.0,True,False,634.0,-634.0
hazelcast__hazelcast#com.hazelcast.internal.util.collection.OAHashSetBenchmark.contains_hz_OAHashSet#size=100000.json_0,hazelcast__hazelcast#com.hazelcast.internal.util.collection.OAHashSetBenchmark.contains_hz_OAHashSet#size=100000.json,0,1177,0,283,284,True,False,1177.0,-1177.0,True,False,894.0,-894.0,True,False,893.0,-893.0
eclipse__rdf4j#org.eclipse.rdf4j.benchmark.ReasoningBenchmark.noReasoning#param=medium::544.json_0,eclipse__rdf4j#org.eclipse.rdf4j.benchmark.ReasoningBenchmark.noReasoning#param=medium::544.json,0,322,25,267,15,True,False,297.0,-297.0,True,False,55.0,-55.0,True,False,307.0,-307.0
jdbi__jdbi#org.jdbi.v3.benchmark.CaseInsensitiveStringEqualsBenchmark.stringEquals#.json_0,jdbi__jdbi#org.jdbi.v3.benchmark.CaseInsensitiveStringEqualsBenchmark.stringEquals#.json,0,277,1257,-1,272,True,False,980.0,980.0,False,True,,,True,False,5.0,-5.0
hazelcast__hazelcast#com.hazelcast.internal.util.collection.OAHashSetBenchmark.remove_java_HashSet#size=100000.json_0,hazelcast__hazelcast#com.hazelcast.internal.util.collection.OAHashSetBenchmark.remove_java_HashSet#size=100000.json,0,575,258,572,587,True,False,317.0,-317.0,True,False,3.0,-3.0,True,False,12.0,12.0
apache__tinkerpop#org.apache.tinkerpop.jsr223.GremlinGroovyScriptEngineBenchmark.testEvalLongCached#.json_0,apache__tinkerpop#org.apache.tinkerpop.jsr223.GremlinGroovyScriptEngineBenchmark.testEvalLongCached#.json,0,12,5,432,3,True,False,7.0,-7.0,True,False,420.0,420.0,True,False,9.0,-9.0
ReactiveX__RxJava#io.reactivex.rxjava3.xmapz.FlowableConcatMapMaybePerf.flowablePlain#count=1000.json_0,ReactiveX__RxJava#io.reactivex.rxjava3.xmapz.FlowableConcatMapMaybePerf.flowablePlain#count=1000.json,0,597,495,495,497,True,False,102.0,-102.0,True,False,102.0,-102.0,True,False,100.0,-100.0
r2dbc__r2dbc-h2#io.r2dbc.h2.StatementBenchmarks.parametrizedJdbc#.json_0,r2dbc__r2dbc-h2#io.r2dbc.h2.StatementBenchmarks.parametrizedJdbc#.json,0,154,146,146,279,True,False,8.0,-8.0,True,False,8.0,-8.0,True,False,125.0,125.0
raphw__byte-buddy#net.bytebuddy.benchmark.ClassByExtensionBenchmark.benchmarkByteBuddyWithAccessorAndReusedDelegatorWithTypePool#.json_0,raphw__byte-buddy#net.bytebuddy.benchmark.ClassByExtensionBenchmark.benchmarkByteBuddyWithAccessorAndReusedDelegatorWithTypePool#.json,0,253,12,7,15,True,False,241.0,-241.0,True,False,246.0,-246.0,True,False,238.0,-238.0
HdrHistogram__HdrHistogram#bench.HdrHistogramEncodingBench.skinnyEncodeIntoCompressedByteBuffer#latencySeriesName=sparsed2&numberOfSignificantValueDigits=2.json_0,HdrHistogram__HdrHistogram#bench.HdrHistogramEncodingBench.skinnyEncodeIntoCompressedByteBuffer#latencySeriesName=sparsed2&numberOfSignificantValueDigits=2.json,0,235,355,1512,1040,True,False,120.0,120.0,True,False,1277.0,1277.0,True,False,805.0,805.0
zalando__logbook#org.zalando.logbook.json.JsonMediaTypeBenchmark.contentType4#.json_0,zalando__logbook#org.zalando.logbook.json.JsonMediaTypeBenchmark.contentType4#.json,0,104,1,1,0,True,False,103.0,-103.0,True,False,103.0,-103.0,True,False,104.0,-104.0
apache__hive#org.apache.hive.benchmark.vectorization.operators.VectorGroupByOperatorBench.testAggCount#aggregation=avg&dataType=double&evalMode=PARTIAL1&hasNulls=true&isRepeating=false&processMode=GLOBAL.json_0,apache__hive#org.apache.hive.benchmark.vectorization.operators.VectorGroupByOperatorBench.testAggCount#aggregation=avg&dataType=double&evalMode=PARTIAL1&hasNulls=true&isRepeating=false&processMode=GLOBAL.json,0,450,0,0,459,True,False,450.0,-450.0,True,False,450.0,-450.0,True,False,9.0,9.0
apache__tinkerpop#org.apache.tinkerpop.gremlin.process.GraphTraversalBenchmark.g_V_outE_inV_outE_inV_outE_inV#.json_0,apache__tinkerpop#org.apache.tinkerpop.gremlin.process.GraphTraversalBenchmark.g_V_outE_inV_outE_inV_outE_inV#.json,0,344,345,345,93,True,False,1.0,1.0,True,False,1.0,1.0,True,False,251.0,-251.0
RoaringBitmap__RoaringBitmap#org.roaringbitmap.iteration.BatchIteratorBenchmark.iterate#bufferSize=256&dirtiness=0.1&keys=128&runniness=0.25.json_0,RoaringBitmap__RoaringBitmap#org.roaringbitmap.iteration.BatchIteratorBenchmark.iterate#bufferSize=256&dirtiness=0.1&keys=128&runniness=0.25.json,0,549,0,519,521,True,False,549.0,-549.0,True,False,30.0,-30.0,True,False,28.0,-28.0
eclipse__jetty.project#org.eclipse.jetty.util.StringReplaceBenchmark.testJettyStringUtilReplaceGrowth#matches=0&size=100.json_0,eclipse__jetty.project#org.eclipse.jetty.util.StringReplaceBenchmark.testJettyStringUtilReplaceGrowth#matches=0&size=100.json,0,381,0,1,15,True,False,381.0,-381.0,True,False,380.0,-380.0,True,False,366.0,-366.0
jdbi__jdbi#org.jdbi.v3.benchmark.sqlobject.H2SqlObjectV3Benchmark.sqlobjectSelectOne#.json_0,jdbi__jdbi#org.jdbi.v3.benchmark.sqlobject.H2SqlObjectV3Benchmark.sqlobjectSelectOne#.json,0,807,16,12,15,True,False,791.0,-791.0,True,False,795.0,-795.0,True,False,792.0,-792.0
jdbi__jdbi#org.jdbi.v3.benchmark.sqlobject.H2SqlObjectV3Benchmark.attach#.json_0,jdbi__jdbi#org.jdbi.v3.benchmark.sqlobject.H2SqlObjectV3Benchmark.attach#.json,0,1102,73,1780,15,True,False,1029.0,-1029.0,True,False,678.0,678.0,True,False,1087.0,-1087.0
apache__hive#org.apache.hive.benchmark.vectorization.operators.VectorGroupByOperatorBench.testAggCount#aggregation=avg&dataType=double&evalMode=PARTIAL1&hasNulls=false&isRepeating=true&processMode=HASH.json_0,apache__hive#org.apache.hive.benchmark.vectorization.operators.VectorGroupByOperatorBench.testAggCount#aggregation=avg&dataType=double&evalMode=PARTIAL1&hasNulls=false&isRepeating=true&processMode=HASH.json,0,314,1,1,403,True,False,313.0,-313.0,True,False,313.0,-313.0,True,False,89.0,89.0
protostuff__protostuff#io.protostuff.benchmarks.StringSerializerBenchmark.bufferedRecycledSerializer#stringLength=10000.json_0,protostuff__protostuff#io.protostuff.benchmarks.StringSerializerBenchmark.bufferedRecycledSerializer#stringLength=10000.json,0,890,1753,-1,0,True,False,863.0,863.0,False,True,,,True,False,890.0,-890.0
imglib__imglib2#net.imglib2.loops.LoopPerformanceBenchmark.copy_loopBuilder#.json_0,imglib__imglib2#net.imglib2.loops.LoopPerformanceBenchmark.copy_loopBuilder#.json,0,410,158,400,0,True,False,252.0,-252.0,True,False,10.0,-10.0,True,False,410.0,-410.0
imglib__imglib2#net.imglib2.loops.SyncedPositionablesBenchmark.benchmark4#.json_0,imglib__imglib2#net.imglib2.loops.SyncedPositionablesBenchmark.benchmark4#.json,0,502,493,493,15,True,False,9.0,-9.0,True,False,9.0,-9.0,True,False,487.0,-487.0
netty__netty#io.netty.microbench.buffer.ByteBufAllocatorBenchmark.defaultPooledHeapAllocAndFree#size=65536.json_0,netty__netty#io.netty.microbench.buffer.ByteBufAllocatorBenchmark.defaultPooledHeapAllocAndFree#size=65536.json,0,13,120,307,171,True,False,107.0,107.0,True,False,294.0,294.0,True,False,158.0,158.0
apache__tinkerpop#org.apache.tinkerpop.gremlin.driver.GraphBinaryReaderWriterBenchmark.writeBytecode1#.json_0,apache__tinkerpop#org.apache.tinkerpop.gremlin.driver.GraphBinaryReaderWriterBenchmark.writeBytecode1#.json,0,399,344,392,393,True,False,55.0,-55.0,True,False,7.0,-7.0,True,False,6.0,-6.0
cantaloupe-project__cantaloupe#edu.illinois.library.cantaloupe.perf.processor.codec.TIFFImageWriterPerformance.testWriteWithBufferedImageAndXMPMetadata#.json_0,cantaloupe-project__cantaloupe#edu.illinois.library.cantaloupe.perf.processor.codec.TIFFImageWriterPerformance.testWriteWithBufferedImageAndXMPMetadata#.json,0,110,4,4,15,True,False,106.0,-106.0,True,False,106.0,-106.0,True,False,95.0,-95.0
RoaringBitmap__RoaringBitmap#org.roaringbitmap.iteration.BatchIteratorBenchmark.iterate#bufferSize=512&dirtiness=0.1&keys=2096&runniness=0.1.json_0,RoaringBitmap__RoaringBitmap#org.roaringbitmap.iteration.BatchIteratorBenchmark.iterate#bufferSize=512&dirtiness=0.1&keys=2096&runniness=0.1.json,0,2342,2338,2338,2341,True,False,4.0,-4.0,True,False,4.0,-4.0,True,False,1.0,-1.0
HdrHistogram__HdrHistogram#bench.HdrHistogramRecordingBench.rawConcurrentRecordingSpeed#.json_0,HdrHistogram__HdrHistogram#bench.HdrHistogramRecordingBench.rawConcurrentRecordingSpeed#.json,0,473,0,-1,-1,True,False,473.0,-473.0,False,True,,,False,True,,
raphw__byte-buddy#net.bytebuddy.benchmark.TrivialClassCreationBenchmark.benchmarkJavassist#.json_0,raphw__byte-buddy#net.bytebuddy.benchmark.TrivialClassCreationBenchmark.benchmarkJavassist#.json,0,22,0,-1,0,True,False,22.0,-22.0,False,True,,,True,False,22.0,-22.0
ReactiveX__RxJava#io.reactivex.rxjava3.core.XMapYPerf.flowFlatMapFlowable0#times=10.json_0,ReactiveX__RxJava#io.reactivex.rxjava3.core.XMapYPerf.flowFlatMapFlowable0#times=10.json,0,356,352,134,353,True,False,4.0,-4.0,True,False,222.0,-222.0,True,False,3.0,-3.0
eclipse__rdf4j#org.eclipse.rdf4j.benchmark.QueryOrderBenchmark.selectDistinct#countk=50&limit=1000&syncThreshold=10000.json_0,eclipse__rdf4j#org.eclipse.rdf4j.benchmark.QueryOrderBenchmark.selectDistinct#countk=50&limit=1000&syncThreshold=10000.json,0,948,0,114,55,True,False,948.0,-948.0,True,False,834.0,-834.0,True,False,893.0,-893.0
cantaloupe-project__cantaloupe#edu.illinois.library.cantaloupe.perf.processor.codec.GIFImageReaderPerformance.testRead#.json_0,cantaloupe-project__cantaloupe#edu.illinois.library.cantaloupe.perf.processor.codec.GIFImageReaderPerformance.testRead#.json,0,590,0,0,368,True,False,590.0,-590.0,True,False,590.0,-590.0,True,False,222.0,-222.0
zalando__logbook#org.zalando.logbook.HeaderBenchmark.autoconfigurationResponse#.json_0,zalando__logbook#org.zalando.logbook.HeaderBenchmark.autoconfigurationResponse#.json,0,185,148,81,82,True,False,37.0,-37.0,True,False,104.0,-104.0,True,False,103.0,-103.0
crate__crate#io.crate.analyze.PreExecutionBenchmark.measureParseSimpleSelect#.json_0,crate__crate#io.crate.analyze.PreExecutionBenchmark.measureParseSimpleSelect#.json,0,207,110,181,15,True,False,97.0,-97.0,True,False,26.0,-26.0,True,False,192.0,-192.0
r2dbc__r2dbc-h2#io.r2dbc.h2.StagedResultSizeBenchmarks.preparedJdbc#resultSize=1.json_0,r2dbc__r2dbc-h2#io.r2dbc.h2.StagedResultSizeBenchmarks.preparedJdbc#resultSize=1.json,0,393,46,366,15,True,False,347.0,-347.0,True,False,27.0,-27.0,True,False,378.0,-378.0
r2dbc__r2dbc-h2#io.r2dbc.h2.StagedResultSizeBenchmarks.simpleR2dbc#resultSize=1.json_0,r2dbc__r2dbc-h2#io.r2dbc.h2.StagedResultSizeBenchmarks.simpleR2dbc#resultSize=1.json,0,54,65,302,12,True,False,11.0,11.0,True,False,248.0,248.0,True,False,42.0,-42.0
HdrHistogram__HdrHistogram#bench.HdrHistogramEncodingBench.encodeIntoCompressedByteBuffer#latencySeriesName=sparsed1&numberOfSignificantValueDigits=2.json_0,HdrHistogram__HdrHistogram#bench.HdrHistogramEncodingBench.encodeIntoCompressedByteBuffer#latencySeriesName=sparsed1&numberOfSignificantValueDigits=2.json,0,9,0,0,0,True,False,9.0,-9.0,True,False,9.0,-9.0,True,False,9.0,-9.0
RoaringBitmap__RoaringBitmap#org.roaringbitmap.iteration.BitmapIteratorBenchmark.forwardsBuffer#density=0.1.json_0,RoaringBitmap__RoaringBitmap#org.roaringbitmap.iteration.BitmapIteratorBenchmark.forwardsBuffer#density=0.1.json,0,457,0,2,403,True,False,457.0,-457.0,True,False,455.0,-455.0,True,False,54.0,-54.0
cantaloupe-project__cantaloupe#edu.illinois.library.cantaloupe.perf.processor.codec.TIFFImageWriterPerformance.testWriteWithPlanarImageAndXMPMetadata#.json_0,cantaloupe-project__cantaloupe#edu.illinois.library.cantaloupe.perf.processor.codec.TIFFImageWriterPerformance.testWriteWithPlanarImageAndXMPMetadata#.json,0,383,62,4,183,True,False,321.0,-321.0,True,False,379.0,-379.0,True,False,200.0,-200.0
apache__camel#org.apache.camel.itest.jmh.SlowTypeConverterTest.typeConvertByteBufToArray#.json_0,apache__camel#org.apache.camel.itest.jmh.SlowTypeConverterTest.typeConvertByteBufToArray#.json,0,274,263,263,266,True,False,11.0,-11.0,True,False,11.0,-11.0,True,False,8.0,-8.0
apache__tinkerpop#org.apache.tinkerpop.gremlin.process.GraphTraversalBenchmark.g_E_hasLabelXwrittenByX_whereXinV_inEXsungByX_count_isX0XX_subgraphXsgX#.json_0,apache__tinkerpop#org.apache.tinkerpop.gremlin.process.GraphTraversalBenchmark.g_E_hasLabelXwrittenByX_whereXinV_inEXsungByX_count_isX0XX_subgraphXsgX#.json,0,726,16,11,15,True,False,710.0,-710.0,True,False,715.0,-715.0,True,False,711.0,-711.0
JCTools__JCTools#org.jctools.jmh.baseline.SingleThreadedPoll.poll#qType=MpscArrayQueue.json_0,JCTools__JCTools#org.jctools.jmh.baseline.SingleThreadedPoll.poll#qType=MpscArrayQueue.json,0,72,0,0,0,True,False,72.0,-72.0,True,False,72.0,-72.0,True,False,72.0,-72.0
apache__tinkerpop#org.apache.tinkerpop.gremlin.driver.GraphBinaryReaderWriterBenchmark.readP1#.json_0,apache__tinkerpop#org.apache.tinkerpop.gremlin.driver.GraphBinaryReaderWriterBenchmark.readP1#.json,0,400,391,427,129,True,False,9.0,-9.0,True,False,27.0,27.0,True,False,271.0,-271.0
eclipse__rdf4j#org.eclipse.rdf4j.benchmark.QueryOrderBenchmark.selectAll#countk=10&limit=50000&syncThreshold=10000.json_0,eclipse__rdf4j#org.eclipse.rdf4j.benchmark.QueryOrderBenchmark.selectAll#countk=10&limit=50000&syncThreshold=10000.json,0,281,8,7,15,True,False,273.0,-273.0,True,False,274.0,-274.0,True,False,266.0,-266.0
